Whisky,Meta Critic,STDEV,#,Cost,Class,Super Cluster,Cluster,Country,Type
"Macallan 10yo Full Proof 57% 1980 (OB, Giovinetti & Figli)",9.58,0.25,3,$$$$$+,SingleMalt-like,ABC,A,Scotland,Malt
Ledaig 42yo Dusgadh,9.48,0.19,4,$$$$$+,SingleMalt-like,ABC,C,Scotland,Malt
"Laphroaig 27yo 57.4% 1980-2007 (OB, 5 Oloroso Casks, 972 Bts)",9.42,0.24,4,$$$$$+,SingleMalt-like,ABC,C,Scotland,Malt
Glenfarclas 40yo,9.29,0.26,17,$$$$$+,SingleMalt-like,ABC,A,Scotland,Malt
Amrut Spectrum (Batch 1),9.21,0.25,14,$$$$$,SingleMalt-like,ABC,C,India,Malt
Glengoyne 25yo,9.2,0.28,22,$$$$$+,SingleMalt-like,ABC,A,Scotland,Malt
Highland Park 25yo,9.18,0.18,19,$$$$$+,SingleMalt-like,ABC,C,Scotland,Malt
Highland Park 40yo,9.16,0.44,10,$$$$$+,SingleMalt-like,ABC,C,Scotland,Malt
Tamdhu 30yo (MacPhail Collection 2009),9.16,0.19,3,$$$$$,SingleMalt-like,ABC,A,Scotland,Malt
Balvenie TUN 1401 (all batches),9.15,0.31,19,$$$$$+,SingleMalt-like,ABC,A,Scotland,Malt
Kavalan Solist Oloroso Sherry Cask,9.15,0.13,5,$$$$$+,SingleMalt-like,ABC,A,Taiwan,Malt
Aberlour A'Bunadh (Batch 33),9.13,0.15,5,$$$$,SingleMalt-like,ABC,A,Scotland,Malt
Aberlour A'Bunadh (Batch 37),9.13,0.1,3,$$$$,SingleMalt-like,ABC,A,Scotland,Malt
Highland Park 30yo,9.13,0.41,14,$$$$$+,SingleMalt-like,ABC,C,Scotland,Malt
Laphroaig 25yo,9.12,0.28,23,$$$$$+,SingleMalt-like,ABC,C,Scotland,Malt
Nikka Single Cask Coffey Malt 12yo,9.12,0.48,9,$$$$$,SingleMalt-like,ABC,C,Japan,Malt
Aberlour A'Bunadh (Batch 40),9.11,0.15,4,$$$$,SingleMalt-like,ABC,A,Scotland,Malt
Yamazaki 18yo,9.11,0.27,23,$$$$$,SingleMalt-like,ABC,C,Japan,Malt
Aberlour A'Bunadh (Batch 49),9.09,0.2,10,$$$$,SingleMalt-like,ABC,A,Scotland,Malt
Redbreast 21yo,9.09,0.28,21,$$$$$,SingleMalt-like,ABC,C,Ireland,Malt
Yamazaki Sherry Cask (all vintages),9.09,0.34,11,$$$$$+,SingleMalt-like,ABC,A,Japan,Malt
Aberlour A'Bunadh (Batch 56),9.08,0.22,5,$$$$,SingleMalt-like,ABC,A,Scotland,Malt
Bruichladdich 21yo Cuvée 407 PX,9.08,0.17,8,$$$$$+,SingleMalt-like,ABC,A,Scotland,Malt
Compass Box Last Vatted Malt,9.08,0.16,4,$$$$$,SingleMalt-like,ABC,C,Scotland,Malt
Amrut Greedy Angels (8yo and 10yo),9.07,0.2,13,$$$$$+,SingleMalt-like,ABC,C,India,Malt
BenRiach 18yo Albariza Pedro Ximenez Peated,9.07,0.19,8,$$$$$,SingleMalt-like,ABC,C,Scotland,Malt
Amrut Spectrum (all batches),9.06,0.37,18,$$$$$,SingleMalt-like,ABC,C,India,Malt
Bowmore Springtide,9.06,0.68,5,$$$$$,SingleMalt-like,ABC,C,Scotland,Malt
Highland Park 16yo Odin,9.06,0.29,7,$$$$$+,SingleMalt-like,ABC,C,Scotland,Malt
GlenDronach Cask Strength (batch 1),9.05,0.27,6,$$$$,SingleMalt-like,ABC,A,Scotland,Malt
Kavalan Solist Vinho Barrique,9.05,0.21,23,$$$$$+,SingleMalt-like,ABC,A,Taiwan,Malt
Aberlour A'Bunadh (Batch 53),9.04,0.12,6,$$$$,SingleMalt-like,ABC,A,Scotland,Malt
GlenDronach Cask Strength (batch 2),9.04,0.14,10,$$$$,SingleMalt-like,ABC,A,Scotland,Malt
Macallan Cask Strength,9.04,0.38,22,$$$$$+,SingleMalt-like,ABC,A,Scotland,Malt
Aberlour A'Bunadh (Batch 39),9.03,0.22,8,$$$$,SingleMalt-like,ABC,A,Scotland,Malt
Highland Park 18yo,9.03,0.23,32,$$$$$,SingleMalt-like,ABC,C,Scotland,Malt
Karuizawa 1990 Sherry Butt,9.03,0.3,4,$$$$$+,SingleMalt-like,ABC,A,Japan,Malt
Kavalan Solist PX Cask,9.03,0.51,8,$$$$$+,SingleMalt-like,ABC,A,Taiwan,Malt
Sheep Dip Old Hebridean 1990 Blended Malt,9.03,0.22,7,$$$$,SingleMalt-like,ABC,C,Scotland,Malt
Timorous Beastie 21yo Sherry Edition,9.03,0.21,3,$$$$$,SingleMalt-like,ABC,B,Scotland,Malt
Amrut Spectrum 004 (Batch 2),9.02,0.4,14,$$$$$,SingleMalt-like,ABC,C,India,Malt
GlenDronach vintage 20yo Single Cask (all vintages),9.02,0.36,16,$$$$$,SingleMalt-like,ABC,A,Scotland,Malt
Kavalan Solist Manzanilla Cask,9.02,0.21,10,$$$$$+,SingleMalt-like,ABC,C,Taiwan,Malt
Aberlour A'Bunadh (Batch 44),9.01,0.15,3,$$$$,SingleMalt-like,ABC,A,Scotland,Malt
Aberlour A'Bunadh (Batch 52),9.01,0.22,5,$$$$,SingleMalt-like,ABC,A,Scotland,Malt
Kavalan Solist Amontillado Cask,9.01,0.23,8,$$$$$+,SingleMalt-like,ABC,A,Taiwan,Malt
Aberlour A'Bunadh (Batch 35),9.0,0.24,5,$$$$,SingleMalt-like,ABC,A,Scotland,Malt
BenRiach 17yo Solstice Peated Port (both editions),9.0,0.28,18,$$$$,SingleMalt-like,ABC,C,Scotland,Malt
Benromach 10yo Cask Strength (100 proof),9.0,0.16,17,$$$$,SingleMalt-like,ABC,C,Scotland,Malt
Highland Park 17yo The Dark,9.0,0.39,14,$$$$$,SingleMalt-like,ABC,C,Scotland,Malt
Springbank 21yo,9.0,0.24,16,$$$$$+,SingleMalt-like,ABC,C,Scotland,Malt
Aberlour A'Bunadh (Batch 45),8.99,0.22,10,$$$$,SingleMalt-like,ABC,A,Scotland,Malt
Arran Malt 21st Anniversary Edition,8.99,0.13,6,$$$$$,SingleMalt-like,ABC,C,Scotland,Malt
Bunnahabhain 18yo,8.99,0.21,24,$$$$$,SingleMalt-like,ABC,C,Scotland,Malt
Laphroaig Cairdeas 2013 Port Wood,8.99,0.45,19,$$$$,SingleMalt-like,ABC,C,Scotland,Malt
Nikka Taketsuru 21yo,8.99,0.29,20,$$$$$,SingleMalt-like,ABC,C,Japan,Malt
Bladnoch 12yo Sherry Cask (Sheep label),8.98,0.21,3,$$$$$,SingleMalt-like,ABC,C,Scotland,Malt
GlenDronach vintage 19yo Single Cask (all vintages),8.98,0.33,19,$$$$$,SingleMalt-like,ABC,A,Scotland,Malt
Timorous Beastie 40yo Cask Strength,8.98,0.3,4,$$$$$+,SingleMalt-like,ABC,C,Scotland,Malt
Amrut PX Sherry Single Cask 2696 (LCBO),8.97,0.27,7,$$$$$,SingleMalt-like,ABC,B,India,Malt
Highland Park 15yo Loki,8.97,0.29,18,$$$$$+,SingleMalt-like,ABC,C,Scotland,Malt
Kilchoman Port Cask Matured,8.97,0.21,13,$$$$$,SingleMalt-like,ABC,C,Scotland,Malt
Aberlour A'Bunadh (Batch 36),8.96,0.45,5,$$$$,SingleMalt-like,ABC,A,Scotland,Malt
Amrut Portonova,8.96,0.28,24,$$$$,SingleMalt-like,ABC,C,India,Malt
Bowmore 15yo Laimrig,8.96,0.17,20,$$$$,SingleMalt-like,ABC,C,Scotland,Malt
Bushmills 21yo Single Malt,8.96,0.37,11,$$$$$,SingleMalt-like,ABC,C,Ireland,Malt
Glenlivet Alpha,8.96,0.09,4,$$$$$+,SingleMalt-like,ABC,C,Scotland,Malt
Aberlour A'Bunadh (Batch 30),8.95,0.19,6,$$$$,SingleMalt-like,ABC,A,Scotland,Malt
Aberlour A'Bunadh (Batch 42),8.95,0.26,5,$$$$,SingleMalt-like,ABC,A,Scotland,Malt
AnCnoc 1975,8.95,0.55,5,$$$$$+,SingleMalt-like,ABC,B,Scotland,Malt
BenRiach 17yo Solstice 2nd Peated Port Finish,8.95,0.41,19,$$$$,SingleMalt-like,ABC,C,Scotland,Malt
Glenmorangie Signet,8.95,0.35,28,$$$$$,SingleMalt-like,ABC,C,Scotland,Malt
Hakushu Sherry Cask,8.95,0.5,7,$$$$$+,SingleMalt-like,ABC,B,Japan,Malt
Kavalan Solist Sherry Cask,8.95,0.29,26,$$$$$+,SingleMalt-like,ABC,A,Taiwan,Malt
Macallan 10yo Sherry Oak Cask Strength,8.94,0.54,7,$$$$$+,SingleMalt-like,ABC,A,Scotland,Malt
Aberlour A'Bunadh (Batch 58),8.93,0.21,9,$$$$,SingleMalt-like,ABC,A,Scotland,Malt
Kavalan Solist Port Cask,8.93,0.31,19,$$$$$+,SingleMalt-like,ABC,C,Scotland,Malt
Aberlour A'Bunadh (Batch 34),8.92,0.32,5,$$$$,SingleMalt-like,ABC,A,Scotland,Malt
Amrut Madeira Cask Finish (Batch 1),8.92,0.16,6,$$$$,SingleMalt-like,ABC,C,India,Malt
Macallan 18yo Sherry Oak,8.92,0.31,25,$$$$$+,SingleMalt-like,ABC,A,Scotland,Malt
Tomatin 40yo,8.92,0.37,3,$$$$$+,SingleMalt-like,ABC,C,Scotland,Malt
Aberlour A'Bunadh (all batches),8.91,0.19,34,$$$$,SingleMalt-like,ABC,A,Scotland,Malt
Balvenie TUN 1509 (all batches),8.91,0.18,13,$$$$$+,SingleMalt-like,ABC,B,Scotland,Malt
GlenDronach Cask Strength (batch 4),8.91,0.22,14,$$$$,SingleMalt-like,ABC,A,Scotland,Malt
BenRiach 17yo Solstice 1st Peated Port Finish,8.9,0.22,4,$$$$,SingleMalt-like,ABC,C,Scotland,Malt
BenRiach 35yo,8.9,0.65,5,$$$$$+,SingleMalt-like,ABC,A,Scotland,Malt
Bunnahabhain 25yo,8.9,0.31,21,$$$$$+,SingleMalt-like,ABC,B,Scotland,Malt
Glengoyne 40yo,8.9,0.83,3,$$$$$+,SingleMalt-like,ABC,A,Scotland,Malt
Glenlivet XXV 25yo,8.9,0.21,14,$$$$$+,SingleMalt-like,ABC,C,Scotland,Malt
Aberlour A'Bunadh (Batch 54),8.89,0.2,8,$$$$,SingleMalt-like,ABC,A,Scotland,Malt
Amrut Intermediate Sherry,8.89,0.46,26,$$$$,SingleMalt-like,ABC,B,India,Malt
Amrut Kadhambam,8.89,0.25,23,$$$$,SingleMalt-like,ABC,C,India,Malt
Glengoyne 21yo,8.89,0.21,23,$$$$$,SingleMalt-like,ABC,A,Scotland,Malt
Highland Park 21yo,8.89,0.37,18,$$$$$+,SingleMalt-like,ABC,C,Scotland,Malt
Springbank 12yo Cask Strength,8.89,0.29,26,$$$$,SingleMalt-like,ABC,C,Scotland,Malt
Glengoyne Cask Strength (batch 7),8.88,0.22,3,$$$$,SingleMalt-like,ABC,B,Scotland,Malt
Highland Park 16yo Thor,8.88,0.29,14,$$$$$+,SingleMalt-like,ABC,C,Scotland,Malt
Kilchoman PX Sherry Finish,8.88,0.19,7,$$$$$,SingleMalt-like,ABC,C,Scotland,Malt
Aberlour A'Bunadh (Batch 46),8.87,0.09,5,$$$$,SingleMalt-like,ABC,A,Scotland,Malt
Amrut PX Sherry Single Cask 3516 (SAQ),8.86,0.19,6,$$$$,SingleMalt-like,ABC,B,India,Malt
Compass Box This is Not a Luxury Whisky,8.86,0.46,15,$$$$$,SingleMalt-like,ABC,C,Scotland,Malt
GlenDronach Cask Strength (batch 3),8.86,0.26,9,$$$$,SingleMalt-like,ABC,A,Scotland,Malt
Laphroaig Cairdeas 2020 Port & Wine Casks,8.86,0.4,4,$$$$,SingleMalt-like,ABC,C,Scotland,Malt
Macallan 25yo Sherry Oak,8.86,0.45,9,$$$$$+,SingleMalt-like,ABC,A,Scotland,Malt
Macallan Reflexion,8.86,0.34,7,$$$$$+,SingleMalt-like,ABC,A,Scotland,Malt
Aberlour A'Bunadh (Batch 47),8.85,0.29,11,$$$$,SingleMalt-like,ABC,A,Scotland,Malt
Ben Nevis 10yo (post-2017),8.85,0.36,9,$$,SingleMalt-like,ABC,C,Scotland,Malt
Glen Garioch 17yo Renaissance Chapter 3,8.85,0.32,3,$$$$,SingleMalt-like,ABC,C,Scotland,Malt
Glen Garioch 1998 Wine Cask Matured,8.85,0.23,3,$$$$,SingleMalt-like,ABC,C,Scotland,Malt
GlenDronach Cask Strength (all batches),8.85,0.16,25,$$$$,SingleMalt-like,ABC,A,Scotland,Malt
Glenrothes 25yo,8.85,0.47,5,$$$$$+,SingleMalt-like,ABC,A,Scotland,Malt
Kilchoman Loch Gorm,8.85,0.19,25,$$$$,SingleMalt-like,ABC,C,Scotland,Malt
Scallywag 13yo,8.85,0.08,4,$$$$,SingleMalt-like,ABC,B,Scotland,Malt
Smogen Sherry Project 1:2,8.85,0.2,3,$$$$,SingleMalt-like,ABC,C,Sweden,Malt
White Oak Akashi 14yo,8.85,0.55,3,$$$$$+,SingleMalt-like,ABC,C,Japan,Malt
Aberlour A'Bunadh (Batch 66),8.84,0.22,6,$$$$,SingleMalt-like,ABC,A,Scotland,Malt
AnCnoc 22yo,8.84,0.31,13,$$$$$,SingleMalt-like,ABC,C,Scotland,Malt
BenRiach 18yo Latada,8.84,0.17,8,$$$$$,SingleMalt-like,ABC,B,Scotland,Malt
GlenDronach 15yo Revival,8.84,0.27,27,$$$$,SingleMalt-like,ABC,A,Scotland,Malt
Aberlour 12yo Non-Chill-Filtered,8.83,0.22,16,$$$,SingleMalt-like,ABC,B,Scotland,Malt
Balblair 1990 (all releases),8.83,0.23,15,$$$$$,SingleMalt-like,ABC,C,Scotland,Malt
Bunnahabhain 14yo 2003 Pedro Ximenez Finish,8.83,0.56,15,$$$$$,SingleMalt-like,ABC,A,Scotland,Malt
GlenDronach 12yo Sauternes Cask Finish,8.83,0.18,7,$$$$,SingleMalt-like,ABC,A,Scotland,Malt
GlenDronach 18yo Allardice,8.83,0.37,30,$$$$$,SingleMalt-like,ABC,A,Scotland,Malt
GlenDronach Cask Strength (batch 6),8.83,0.2,5,$$$$,SingleMalt-like,ABC,A,Scotland,Malt
Glenlivet Nadurra 16yo,8.83,0.22,28,$$$$,SingleMalt-like,ABC,C,Scotland,Malt
High Coast (Box) PX - Pedro Ximénez Finish,8.83,0.19,9,$$$$$,SingleMalt-like,ABC,C,Sweden,Malt
Kavalan Solist Fino Sherry Cask,8.83,0.51,16,$$$$$+,SingleMalt-like,ABC,A,Taiwan,Malt
Longrow Red 11yo Port Cask,8.83,0.38,18,$$$$,SingleMalt-like,ABC,C,Scotland,Malt
Longrow Red 12yo Pinot Noir Finish,8.83,0.3,11,$$$$$,SingleMalt-like,ABC,C,Scotland,Malt
Aberlour A'Bunadh (Batch 32),8.82,0.71,4,$$$$,SingleMalt-like,ABC,A,Scotland,Malt
Aberlour A'Bunadh (Batch 59),8.82,0.22,4,$$$$,SingleMalt-like,ABC,A,Scotland,Malt
Aberlour A'Bunadh (Batch 61),8.82,0.21,5,$$$$,SingleMalt-like,ABC,A,Scotland,Malt
Aberlour A'Bunadh (Batch 69),8.82,0.06,3,$$$$,SingleMalt-like,ABC,A,Scotland,Malt
Glenmorangie Companta,8.82,0.56,14,$$$$$,SingleMalt-like,ABC,C,Scotland,Malt
Green Spot Chateau Leoville Barton,8.82,0.35,14,$$$$,SingleMalt-like,ABC,C,Ireland,Blend
Amrut PX Sherry Single Cask (all casks),8.81,0.46,17,$$$$,SingleMalt-like,ABC,A,India,Malt
Longmorn 15yo,8.81,0.41,8,$$$$$,SingleMalt-like,ABC,C,Scotland,Malt
Smogen Sherry Project 1:4,8.81,0.27,5,$$$$,SingleMalt-like,ABC,C,Sweden,Malt
Aberlour A'Bunadh (Batch 60),8.8,0.23,5,$$$$,SingleMalt-like,ABC,A,Scotland,Malt
Bowmore 25yo,8.8,0.48,11,$$$$$+,SingleMalt-like,ABC,C,Scotland,Malt
GlenDronach 18yo Tawny Port Finish,8.8,0.36,8,$$$$$,SingleMalt-like,ABC,A,Scotland,Malt
Glenlivet Nadurra Cask Strength (NAS),8.8,0.12,3,$$$$,SingleMalt-like,ABC,C,Scotland,Malt
Kavalan Brandy Oak,8.8,0.24,8,$$$$$,SingleMalt-like,ABC,A,Taiwan,Malt
Royal Brackla 21yo,8.8,0.21,5,$$$$$,SingleMalt-like,ABC,C,Scotland,Malt
Two Brewers Release 09 Special Finishes,8.8,0.4,6,$$$$,SingleMalt-like,ABC,B,Canada,Malt
Aberlour A'Bunadh (Batch 50),8.79,0.36,9,$$$$,SingleMalt-like,ABC,A,Scotland,Malt
Glenfiddich Snow Phoenix,8.79,0.38,13,$$$$$+,SingleMalt-like,ABC,C,Scotland,Malt
Glengoyne Teapot Dram (all batches),8.79,0.48,6,$$$$$,SingleMalt-like,ABC,A,Scotland,Malt
Glenrothes Minister's Reserve,8.79,0.17,6,$$$$$,SingleMalt-like,ABC,A,Scotland,Malt
Highland Park Full Volume,8.79,0.22,16,$$$$,SingleMalt-like,ABC,C,Scotland,Malt
Aberlour A'Bunadh (Batch 48),8.78,0.51,4,$$$$,SingleMalt-like,ABC,A,Scotland,Malt
Aberlour A'Bunadh (Batch 65),8.78,0.23,3,$$$$,SingleMalt-like,ABC,A,Scotland,Malt
Bruichladdich Port Charlotte 2009 MC:01,8.78,0.28,11,$$$$$,SingleMalt-like,ABC,C,Scotland,Malt
Deanston 2008 Bordeaux Red Wine Cask Matured,8.78,0.2,6,$$$$,SingleMalt-like,ABC,B,Scotland,Malt
GlenDronach 21yo Parliament,8.78,0.39,29,$$$$$,SingleMalt-like,ABC,A,Scotland,Malt
Glenmorangie Bacalta,8.78,0.32,8,$$$$$,SingleMalt-like,ABC,C,Scotland,Malt
Ledaig 18yo,8.78,0.58,18,$$$$$,SingleMalt-like,ABC,C,Scotland,Malt
Longrow Red 11yo Australian Shiraz,8.78,0.47,10,$$$$$,SingleMalt-like,ABC,C,Scotland,Malt
Springbank 15yo,8.78,0.23,25,$$$$$,SingleMalt-like,ABC,C,Scotland,Malt
Glen Garioch 15yo Renaissance Chapter 1,8.77,0.22,8,$$$$,SingleMalt-like,ABC,C,Scotland,Malt
Two Brewers Release 02 Special Finishes,8.77,0.51,5,$$$$,SingleMalt-like,ABC,B,Canada,Malt
Balvenie 21yo Port Wood,8.76,0.37,26,$$$$$,SingleMalt-like,ABC,A,Scotland,Malt
High Coast (Box) Dalvve Sherry Influence,8.76,0.4,4,$$$$,SingleMalt-like,ABC,C,Sweden,Malt
Longrow Red 11yo Cabernet Sauvignon,8.76,0.45,12,$$$$$,SingleMalt-like,ABC,C,Scotland,Malt
Millstone 12yo Sherry Cask,8.76,0.51,12,$$$$,SingleMalt-like,ABC,C,Netherlands,Malt
Smogen Sherry Project 1:3,8.76,0.26,3,$$$$,SingleMalt-like,ABC,C,Sweden,Malt
Arran Malt Sassicaia Wine Cask Finish,8.75,0.19,5,$$$$$,SingleMalt-like,ABC,C,Scotland,Malt
Glenfarclas 25yo,8.75,0.28,23,$$$$$,SingleMalt-like,ABC,C,Scotland,Malt
Aberlour 18yo,8.74,0.28,15,$$$$,SingleMalt-like,ABC,A,Scotland,Malt
Arran Malt Amarone Cask Finish,8.74,0.29,18,$$$,SingleMalt-like,ABC,B,Scotland,Malt
Glenfarclas 17yo,8.74,0.26,26,$$$$$,SingleMalt-like,ABC,B,Scotland,Malt
Blue Spot 7yo Cask Strength,8.73,0.1,3,$$$$,SingleMalt-like,ABC,C,Ireland,Malt
Glenfarclas 105,8.73,0.36,33,$$$$,SingleMalt-like,ABC,C,Scotland,Malt
Highland Park 15yo Fire,8.73,0.35,11,$$$$$+,SingleMalt-like,ABC,C,Scotland,Malt
Macallan Classic Cut (all editions),8.73,0.21,15,$$$$$,SingleMalt-like,ABC,A,Scotland,Malt
GlenDronach Cask Strength (batch 5),8.72,0.26,11,$$$$,SingleMalt-like,ABC,A,Scotland,Malt
Glengoyne Cask Strength (batch 1),8.72,0.46,4,$$$$,SingleMalt-like,ABC,B,Scotland,Malt
Glengoyne Cask Strength (batch 5),8.72,0.15,3,$$$$,SingleMalt-like,ABC,B,Scotland,Malt
Longmorn 16yo,8.72,0.32,19,$$$$,SingleMalt-like,ABC,C,Scotland,Malt
Macallan Ruby,8.72,0.23,14,$$$$$,SingleMalt-like,ABC,A,Scotland,Malt
Scallywag Cask Strength (all batches),8.72,0.08,5,$$$$,SingleMalt-like,ABC,C,Scotland,Malt
Two Brewers Special Finishes (all releases),8.72,0.15,7,$$$$,SingleMalt-like,ABC,B,Canada,Malt
Aberlour A'Bunadh (Batch 57),8.71,0.43,8,$$$$,SingleMalt-like,ABC,A,Scotland,Malt
Highland Park Valknut,8.71,0.23,6,$$$$,SingleMalt-like,ABC,C,Scotland,Malt
Bunnahabhain 11yo Manzanilla Cask Matured 2008,8.7,0.18,3,$$$$$,SingleMalt-like,ABC,C,Scotland,Malt
GlenDronach Cask Strength (batch 7),8.7,0.49,5,$$$$,SingleMalt-like,ABC,A,Scotland,Malt
Glenmorangie Nectar d'Or,8.7,0.29,27,$$$$,SingleMalt-like,ABC,A,Scotland,Malt
Highland Park 15yo,8.7,0.24,19,$$$$,SingleMalt-like,ABC,C,Scotland,Malt
Karuizawa Asama Vintages 1999-2000,8.7,0.52,9,$$$$$+,SingleMalt-like,ABC,C,Japan,Malt
Mortlach 16yo (F&F),8.7,0.27,11,$$$$$,SingleMalt-like,ABC,C,Scotland,Malt
Smogen Sherry Project 1:1,8.7,0.11,3,$$$$,SingleMalt-like,ABC,C,Sweden,Malt
Springbank 13yo Green,8.7,0.35,6,$$$$,SingleMalt-like,ABC,C,Scotland,Malt
Bowmore 10yo Devil's Cask (all batches),8.69,0.39,26,$$$$$,SingleMalt-like,ABC,C,Scotland,Malt
Deanston 10yo PX Finish,8.69,0.43,5,$$$$,SingleMalt-like,ABC,C,Scotland,Malt
Glenrothes Whisky Maker's Cut,8.69,0.31,7,$$$$,SingleMalt-like,ABC,B,Scotland,Malt
Jura Brooklyn,8.69,0.25,7,$$$$,SingleMalt-like,ABC,C,Scotland,Malt
Knappogue Castle 16yo Twin Wood,8.69,0.44,7,$$$$,SingleMalt-like,ABC,C,Ireland,Malt
Macallan Rare Cask (all batches),8.69,0.34,14,$$$$$+,SingleMalt-like,ABC,A,Scotland,Malt
Macallan Sienna,8.69,0.34,18,$$$$$,SingleMalt-like,ABC,C,Scotland,Malt
Sheep Dip 1999 Amoroso Blended Malt,8.69,0.59,3,$$$,SingleMalt-like,ABC,C,Scotland,Malt
Teerenpeli Distiller’s Choice KARHI,8.69,0.16,3,$$$$,SingleMalt-like,ABC,C,Finland,Malt
Mortlach 15yo (Gordon & MacPhail),8.68,0.34,18,$$$$,SingleMalt-like,ABC,C,Scotland,Malt
Oban Distillers Edition (all vintages),8.68,0.29,21,$$$$,SingleMalt-like,ABC,C,Scotland,Malt
Two Brewers Release 15 Special Finishes,8.68,0.28,6,$$$$,SingleMalt-like,ABC,B,Canada,Malt
Aberlour A'Bunadh (Batch 38),8.67,0.18,3,$$$$,SingleMalt-like,ABC,A,Scotland,Malt
Amrut Bengal Tiger PX Single Cask (Canada),8.67,0.25,6,$$$$,SingleMalt-like,ABC,C,India,Malt
Redbreast Lustau Edition,8.67,0.32,20,$$$$,SingleMalt-like,ABC,C,Ireland,Malt
Aberlour A'Bunadh (Batch 62),8.66,0.33,4,$$$$,SingleMalt-like,ABC,A,Scotland,Malt
Arran Malt Madeira Wine Cask,8.66,0.45,12,$$$$,SingleMalt-like,ABC,C,Scotland,Malt
Glengoyne Cask Strength (all batches),8.66,0.38,19,$$$$,SingleMalt-like,ABC,B,Scotland,Malt
Glenmorangie The Taghta,8.66,0.33,11,$$$$$,SingleMalt-like,ABC,C,Scotland,Malt
Tomatin Cu Bocan 2005 Limited Edition,8.66,0.46,3,$$$$$,SingleMalt-like,ABC,C,Scotland,Malt
BenRiach 21yo Tawny Port Finish,8.65,0.27,5,$$$$$,SingleMalt-like,ABC,C,Scotland,Malt
Compass Box The Story of the Spaniard,8.65,0.26,8,$$$$,SingleMalt-like,ABC,C,Scotland,Malt
Glen Garioch 15yo Wine Cask Matured,8.65,0.25,5,$$$$,SingleMalt-like,ABC,C,Scotland,Malt
Glencadam 14yo Oloroso Sherry Cask Finish,8.65,0.53,5,$$$$,SingleMalt-like,ABC,C,Scotland,Malt
GlenDronach 15yo Tawny Port Finish,8.65,0.51,8,$$$$,SingleMalt-like,ABC,A,Scotland,Malt
Glenfarclas 21yo,8.65,0.28,19,$$$$$,SingleMalt-like,ABC,B,Scotland,Malt
Glengoyne Cask Strength (batch 2),8.65,0.41,3,$$$$,SingleMalt-like,ABC,B,Scotland,Malt
Ohishi Sherry Single Cask,8.65,0.43,8,$$$$,SingleMalt-like,ABC,C,Japan,Malt
Red Spot 15yo,8.65,0.36,10,$$$$$,SingleMalt-like,ABC,C,Ireland,Malt
Redbreast Mano a Lámh,8.65,0.37,4,$$$,SingleMalt-like,ABC,C,Ireland,Malt
Sullivans Cove French Oak,8.65,0.31,8,$$$$$+,SingleMalt-like,ABC,C,Tasmania,Malt
Tomatin 18yo,8.65,0.2,17,$$$$,SingleMalt-like,ABC,C,Scotland,Malt
Ardbeg Galileo,8.64,0.58,20,$$$$$+,SingleMalt-like,ABC,C,Scotland,Malt
Ben Nevis 18yo The Maltman,8.64,0.34,4,$$$$$,SingleMalt-like,ABC,C,Scotland,Malt
Bunnahabhain Moine (all bottlings),8.64,0.54,16,$$$,SingleMalt-like,ABC,C,Scotland,Malt
Glenfiddich 21yo Gran Reserva,8.64,0.39,18,$$$$$,SingleMalt-like,ABC,C,Scotland,Malt
Longrow Red 14yo Burgundy Wood,8.64,0.64,6,$$$$$,SingleMalt-like,ABC,C,Scotland,Malt
Tamdhu Batch Strength (all batches),8.64,0.53,18,$$$$,SingleMalt-like,ABC,A,Scotland,Malt
Balblair 1989,8.63,0.39,12,$$$$$,SingleMalt-like,ABC,C,Scotland,Malt
Balvenie 17yo Doublewood,8.63,0.31,19,$$$$$,SingleMalt-like,ABC,C,Scotland,Malt
BenRiach 12yo Matured in Sherry Wood,8.63,0.21,20,$$$,SingleMalt-like,ABC,B,Scotland,Malt
Benromach 15yo,8.63,0.43,16,$$$$,SingleMalt-like,ABC,C,Scotland,Malt
Glenfarclas 15yo,8.63,0.45,25,$$$$,SingleMalt-like,ABC,B,Scotland,Malt
Tomatin 14yo Portwood,8.63,0.31,15,$$$$,SingleMalt-like,ABC,C,Scotland,Malt
Glenrothes 18yo,8.62,0.33,7,$$$$$,SingleMalt-like,ABC,C,Scotland,Malt
Kilchoman Sherry Single Cask,8.62,0.62,17,$$$$$,SingleMalt-like,ABC,C,Scotland,Malt
Aberlour 16yo Double Cask Matured,8.61,0.17,17,$$$$,SingleMalt-like,ABC,A,Scotland,Malt
AnCnoc 2000,8.61,0.19,4,$$$$,SingleMalt-like,ABC,C,Scotland,Malt
Arran Malt Port Cask Finish,8.61,0.34,19,$$$,SingleMalt-like,ABC,C,Scotland,Malt
Glengoyne 18yo,8.61,0.34,19,$$$$$,SingleMalt-like,ABC,C,Scotland,Malt
Hazelburn 12yo (Springbank),8.61,0.35,19,$$$$,SingleMalt-like,ABC,C,Scotland,Malt
Highland Park Valkyrie,8.61,0.21,11,$$$$,SingleMalt-like,ABC,C,Scotland,Malt
Macallan 25yo Fine Oak,8.61,0.27,3,$$$$$+,SingleMalt-like,ABC,C,Scotland,Malt
Swiss Highland Classic Single Malt,8.61,0.39,4,$$$$$,SingleMalt-like,ABC,C,Switzerland,Malt
Timorous Beastie 12yo Cask Strength,8.61,0.1,3,$$$,SingleMalt-like,ABC,C,Scotland,Malt
Two Brewers Release 28 Special Finishes,8.6,0.23,3,$$$$,SingleMalt-like,ABC,B,Canada,Malt
Dalmore Port Wood Reserve,8.59,0.28,6,$$$$,SingleMalt-like,ABC,C,Scotland,Malt
GlenDronach 12yo Original,8.59,0.24,27,$$$,SingleMalt-like,ABC,A,Scotland,Malt
Highland Park Magnus (2017),8.59,0.18,8,$$$,SingleMalt-like,ABC,C,Scotland,Malt
Tobermory 15yo,8.59,0.36,18,$$$$$,SingleMalt-like,ABC,C,Scotland,Malt
Balvenie 16yo Triple Cask,8.58,0.24,11,$$$$,SingleMalt-like,ABC,A,Scotland,Malt
Glenfarclas 12yo,8.58,0.32,24,$$$,SingleMalt-like,ABC,C,Scotland,Malt
Glenmorangie Quinta Ruban,8.58,0.42,30,$$$,SingleMalt-like,ABC,B,Scotland,Malt
Aberfeldy 18yo,8.57,0.3,9,$$$$,SingleMalt-like,ABC,C,Scotland,Malt
Glen Garioch 15yo Sherry Cask Matured,8.57,0.59,5,$$$$,SingleMalt-like,ABC,B,Scotland,Malt
GlenDronach 18yo Marsala Finish,8.57,0.14,5,$$$$$,SingleMalt-like,ABC,B,Scotland,Malt
Glenmorangie Dornoch,8.57,0.47,9,$$$$,SingleMalt-like,ABC,C,Scotland,Malt
Bowmore 12yo Enigma,8.56,0.37,12,$$,SingleMalt-like,ABC,C,Scotland,Malt
Kilchoman Madeira Cask Matured,8.56,0.53,11,$$$$$,SingleMalt-like,ABC,C,Scotland,Malt
Amrut Naarangi,8.55,0.5,18,$$$$$,SingleMalt-like,ABC,C,India,Malt
Macallan 12yo Sherry Oak,8.55,0.41,29,$$$$,SingleMalt-like,ABC,A,Scotland,Malt
Mackmyra Moment Korsbar,8.55,0.27,3,$$$$$,SingleMalt-like,ABC,B,Sweden,Malt
Santis Alpstein (all editions),8.55,0.06,3,$$$$$,SingleMalt-like,ABC,C,Switzerland,Malt
Spirit of Hven Sankt Claus,8.55,0.58,3,$$$$$,SingleMalt-like,ABC,C,Sweden,Malt
Bowmore 15yo Darkest,8.54,0.35,28,$$$$,SingleMalt-like,ABC,C,Scotland,Malt
"Glenfarclas 1968-2000 54.2% (OB, Old Stock Reserve, Ceramic)",8.54,0.24,3,$$$$$+,SingleMalt-like,ABC,B,Scotland,Malt
Glenfiddich 15yo Solera,8.54,0.29,33,$$$$,SingleMalt-like,ABC,A,Scotland,Malt
Laphroaig PX Triple Matured,8.54,0.62,24,$$$$,SingleMalt-like,ABC,C,Scotland,Malt
Ben Nevis 10yo Cask Strength,8.53,0.44,6,$$$$,SingleMalt-like,ABC,C,Scotland,Malt
Dalwhinnie Distillers Edition,8.53,0.29,13,$$$$,SingleMalt-like,ABC,C,Scotland,Malt
Glen Garioch 1999 Sherry Cask Matured,8.53,0.82,12,$$$$,SingleMalt-like,ABC,B,Scotland,Malt
Glengoyne 12yo Cask Strength,8.53,0.44,10,$$$$,SingleMalt-like,ABC,B,Scotland,Malt
Glenmorangie A Midwinter Night’s Dram,8.53,0.31,8,$$$$$,SingleMalt-like,ABC,A,Scotland,Malt
Aberlour Casg Annamh,8.52,0.31,10,$$$$,SingleMalt-like,ABC,A,Scotland,Malt
Ben Nevis 10yo (all editions),8.52,0.5,17,$$,SingleMalt-like,ABC,C,Scotland,Malt
Macallan 30yo Fine Oak,8.52,0.37,6,$$$$$+,SingleMalt-like,ABC,C,Scotland,Malt
Talisker Port Ruighe,8.52,0.38,22,$$$$,SingleMalt-like,ABC,C,Scotland,Malt
Tyrconnell 10yo Port Cask Finish,8.52,0.31,12,$$$$,SingleMalt-like,ABC,B,Ireland,Malt
Glengoyne Cask Strength (batch 4),8.51,0.27,8,$$$$,SingleMalt-like,ABC,B,Scotland,Malt
Macallan Whisky Maker's Edition,8.51,0.39,14,$$$$,SingleMalt-like,ABC,A,Scotland,Malt
Redbreast All Sherry Single Cask 1999,8.51,0.89,5,$$$$$,SingleMalt-like,ABC,A,Ireland,Malt
Teerenpeli Distiller’s Choice AURA,8.51,0.08,3,$$$$$,SingleMalt-like,ABC,C,Finland,Malt
Tomatin Oloroso Sherry 1995,8.51,0.58,4,$$$$$,SingleMalt-like,ABC,C,Scotland,Malt
Amrut PX Sherry Single Cask 2701,8.5,0.74,3,$$$$,SingleMalt-like,ABC,B,India,Malt
Dalmore 18yo,8.5,0.39,18,$$$$$,SingleMalt-like,ABC,C,Scotland,Malt
Glenlivet Nadurra Oloroso,8.5,0.53,15,$$$$,SingleMalt-like,ABC,A,Scotland,Malt
Glenmorangie Duthac,8.5,0.27,9,$$$$,SingleMalt-like,ABC,C,Scotland,Malt
Kavalan Sherry Oak,8.5,0.51,11,$$$$$,SingleMalt-like,ABC,B,Taiwan,Malt
Mackmyra Skordetid,8.5,0.67,6,$$$$$,SingleMalt-like,ABC,C,Sweden,Malt
Arran Malt Sherry Single Cask,8.48,0.53,10,$$$$,SingleMalt-like,ABC,C,Scotland,Malt
Glengoyne 12yo,8.48,0.33,16,$$$,SingleMalt-like,ABC,B,Scotland,Malt
Glengoyne 15yo,8.48,0.5,11,$$$$,SingleMalt-like,ABC,B,Scotland,Malt
Mackmyra Midvinter,8.48,0.59,3,$$$,SingleMalt-like,ABC,C,Sweden,Malt
Penderyn Portwood,8.47,0.33,6,$$$,SingleMalt-like,ABC,C,Wales,Malt
Singleton of Glen Ord 18yo,8.47,0.35,5,$$$$,SingleMalt-like,ABC,C,Scotland,Malt
Bushmills 16yo Single Malt,8.46,0.49,20,$$$$,SingleMalt-like,ABC,B,Ireland,Malt
Glenfiddich 19yo Age of Discovery (Madeira Cask),8.46,0.47,15,$$$$$,SingleMalt-like,ABC,A,Scotland,Malt
Jura 16yo Diurach's Own,8.46,0.38,16,$$$$,SingleMalt-like,ABC,C,Scotland,Malt
Westland Winter 2016,8.46,0.51,6,$$$$,SingleMalt-like,ABC,C,USA,Malt
Glengoyne Cask Strength (batch 3),8.45,0.76,6,$$$$,SingleMalt-like,ABC,B,Scotland,Malt
Highland Park Dark Origins,8.45,0.46,26,$$$$,SingleMalt-like,ABC,C,Scotland,Malt
Westland Sherry Wood,8.45,0.43,20,$$$$,SingleMalt-like,ABC,B,USA,Malt
Glenglassaugh 26yo,8.44,0.56,8,$$$$$+,SingleMalt-like,ABC,A,Scotland,Malt
Glenmorangie Milsean,8.44,0.38,13,$$$$$,SingleMalt-like,ABC,A,Scotland,Malt
Green Spot Chateau Montelena,8.44,0.27,7,$$$$,SingleMalt-like,ABC,C,Ireland,Blend
Ledaig 1996,8.44,0.77,3,$$$$$,SingleMalt-like,ABC,C,Scotland,Malt
Smogen Primör,8.44,0.26,4,$$$$$,SingleMalt-like,ABC,C,Sweden,Malt
BenRiach 15yo Tawny Port Finish,8.43,0.31,13,$$$$,SingleMalt-like,ABC,C,Scotland,Malt
Glentauchers 1991 18yo (Gordon & MacPhail),8.43,0.24,3,$$$$,SingleMalt-like,ABC,B,Scotland,Malt
Tyrconnell 10yo Sherry Cask Finish,8.43,0.34,9,$$$$,SingleMalt-like,ABC,B,Ireland,Malt
Dalmore Cigar Malt,8.42,0.38,8,$$$,SingleMalt-like,ABC,C,Scotland,Malt
Macallan 10yo Sherry Oak,8.42,0.32,11,$$$,SingleMalt-like,ABC,A,Scotland,Malt
Highland Park 12yo Saint Magnus,8.41,0.37,6,$$$$,SingleMalt-like,ABC,C,Scotland,Malt
Balvenie 12yo Doublewood,8.4,0.32,29,$$$$,SingleMalt-like,ABC,A,Scotland,Malt
Blair Athol 12yo (F&F),8.4,0.44,9,$$$,SingleMalt-like,ABC,C,Scotland,Malt
Glenmorangie The Tayne,8.4,0.36,11,$$$$,SingleMalt-like,ABC,C,Scotland,Malt
Lismore 21yo,8.4,0.18,4,$$$$$,SingleMalt-like,ABC,C,Scotland,Malt
Glenmorangie Lasanta,8.39,0.36,28,$$$,SingleMalt-like,ABC,A,Scotland,Malt
Arran Malt Sherry Cask Finish,8.37,0.54,12,$$$$$,SingleMalt-like,ABC,C,Scotland,Malt
Bruichladdich Rocks,8.37,0.34,12,$$$$,SingleMalt-like,ABC,C,Scotland,Malt
Dalmore 15yo,8.37,0.41,24,$$$$,SingleMalt-like,ABC,C,Scotland,Malt
Glen Moray Classic Sherry Cask finish,8.37,0.21,6,$$,SingleMalt-like,ABC,B,Scotland,Malt
Jura 21yo,8.37,0.77,7,$$$$$,SingleMalt-like,ABC,C,Scotland,Malt
Wemyss Malts The Spice King,8.37,0.31,13,$$$,SingleMalt-like,ABC,C,Scotland,Malt
Aberfeldy 16yo,8.35,0.24,4,$$$$,SingleMalt-like,ABC,C,Scotland,Malt
Aberlour 12yo Double Cask Matured,8.35,0.25,23,$$$,SingleMalt-like,ABC,B,Scotland,Malt
Bushmills Black Bush,8.35,0.38,25,$$,SingleMalt-like,ABC,C,Ireland,Blend
Glenfarclas 10yo,8.35,0.33,19,$$$,SingleMalt-like,ABC,B,Scotland,Malt
Glen Moray Classic Port Cask finish,8.33,0.21,5,$$,SingleMalt-like,ABC,C,Scotland,Malt
GlenDronach 14yo Sauternes Cask Finish,8.33,0.41,6,$$$$,SingleMalt-like,ABC,A,Scotland,Malt
Teeling Single Malt,8.33,0.32,12,$$$$,SingleMalt-like,ABC,C,Ireland,Malt
Arran Malt Pomerol Bordeaux Cask Finish,8.32,0.7,8,$$$$,SingleMalt-like,ABC,C,Scotland,Malt
Bladnoch 15yo Adela,8.32,0.34,9,$$$$$,SingleMalt-like,ABC,C,Scotland,Malt
Dalmore King Alexander III,8.32,0.45,14,$$$$$,SingleMalt-like,ABC,C,Scotland,Malt
Jura 12yo Elixir,8.31,0.44,11,$$$,SingleMalt-like,ABC,C,Scotland,Malt
Balvenie 12yo Triple Cask,8.3,0.43,12,$$$$,SingleMalt-like,ABC,A,Scotland,Malt
Kavalan Concertmaster Port Cask,8.3,0.55,25,$$$$,SingleMalt-like,ABC,C,Taiwan,Malt
Timorous Beastie,8.3,0.39,9,$$$,SingleMalt-like,ABC,C,Scotland,Malt
Glen Scotia Double Cask,8.29,0.55,12,$$,SingleMalt-like,ABC,C,Scotland,Malt
Glencadam 12yo Port Wood Finish,8.29,0.37,6,$$$,SingleMalt-like,ABC,C,Scotland,Malt
Glenfiddich Malt Master's Edition,8.29,0.29,8,$$$$,SingleMalt-like,ABC,A,Scotland,Malt
Laphroaig Select,8.29,0.38,17,$$$,SingleMalt-like,ABC,C,Scotland,Malt
Tomatin Cu Bocan Sherry Edition,8.29,0.29,4,$$$$,SingleMalt-like,ABC,C,Scotland,Malt
Auchentoshan Three Wood,8.28,0.41,30,$$$$,SingleMalt-like,ABC,A,Scotland,Malt
Dalmore Cigar Malt Reserve,8.28,0.66,15,$$$$$,SingleMalt-like,ABC,C,Scotland,Malt
Glenfiddich Reserve Cask,8.28,0.31,9,$$$,SingleMalt-like,ABC,A,Scotland,Malt
Benrinnes 15yo F&F,8.27,0.84,7,$$$$,SingleMalt-like,ABC,C,Scotland,Malt
Game of Thrones House Baratheon Royal Lochnagar 12 ans,8.27,0.31,12,$$$$,SingleMalt-like,ABC,C,Scotland,Malt
Jura 21yo 200th Anniversary,8.27,0.82,4,$$$$$,SingleMalt-like,ABC,C,Scotland,Malt
Writers Tears Red Head Single Malt,8.27,0.35,11,$$$,SingleMalt-like,ABC,C,Ireland,Malt
Jura Seven Wood,8.26,0.22,6,$$$$,SingleMalt-like,ABC,C,Scotland,Malt
Ohishi Sherry Cask,8.26,0.51,8,$$$$,SingleMalt-like,ABC,C,Japan,Malt
Aberlour 10yo,8.25,0.4,19,$$,SingleMalt-like,ABC,C,Scotland,Malt
"Ben Nevis 10yo (old label, pre-2017)",8.24,0.46,12,$$,SingleMalt-like,ABC,C,Scotland,Malt
Bushmills Sherry Cask Reserve,8.24,0.4,5,$$$$,SingleMalt-like,ABC,C,Ireland,Malt
Singleton of Dufftown Tailfire,8.23,0.42,5,$$,SingleMalt-like,ABC,C,Scotland,Malt
Glen Moray 16yo,8.22,0.56,8,$$$,SingleMalt-like,ABC,C,Scotland,Malt
Glenglassaugh Revival,8.21,0.47,14,$$$,SingleMalt-like,ABC,C,Scotland,Malt
Glenrothes Robur Reserve,8.21,0.49,6,$$,SingleMalt-like,ABC,B,Scotland,Malt
Macallan Select Oak,8.21,0.31,14,$$$,SingleMalt-like,ABC,C,Scotland,Malt
Tullibardine 500 Sherry Finish,8.21,0.3,10,$$$,SingleMalt-like,ABC,C,Scotland,Malt
Wemyss Malts Velvet Fig,8.21,1.22,5,$$$,SingleMalt-like,ABC,A,Scotland,Malt
Glen Garioch 16yo Renaissance Chapter 2,8.2,0.49,6,$$$$,SingleMalt-like,ABC,C,Scotland,Malt
Bowmore Black Rock,8.19,0.35,9,$$,SingleMalt-like,ABC,C,Scotland,Malt
Nantou (Omar) Yushan Sherry Cask,8.14,0.36,11,$$$$,SingleMalt-like,ABC,C,Taiwan,Malt
Mackmyra Blomstertid,8.09,0.27,3,$$$$,SingleMalt-like,ABC,C,Sweden,Malt
Glenrothes Sherry Cask Reserve,8.08,0.68,12,$$$$,SingleMalt-like,ABC,A,Scotland,Malt
Dalmore Gran Reserva,8.05,0.34,10,$$$,SingleMalt-like,ABC,C,Scotland,Malt
Bladnoch Samsara,8.04,0.6,5,$$$$,SingleMalt-like,ABC,C,Scotland,Malt
Longmorn Distiller's Choice,8.01,0.43,9,$$$$,SingleMalt-like,ABC,C,Scotland,Malt
Jura 18yo,7.99,0.68,9,$$$$$,SingleMalt-like,ABC,C,Scotland,Malt
Penderyn Madeira,7.99,0.95,15,$$$$,SingleMalt-like,ABC,B,Wales,Malt
Royal Lochnagar 12yo,7.99,0.33,15,$$,SingleMalt-like,ABC,C,Scotland,Malt
Jura 16yo,7.94,0.53,5,$$$$,SingleMalt-like,ABC,C,Scotland,Malt
Tullibardine 1993 Port,7.94,0.38,5,$$$$,SingleMalt-like,ABC,B,Scotland,Malt
Penderyn Sherrywood,7.9,0.63,12,$$$$,SingleMalt-like,ABC,B,Wales,Malt
Jura Turas Mara,7.86,0.55,5,$$,SingleMalt-like,ABC,C,Scotland,Malt
Amrut PX Sherry Single Cask 2702,7.84,0.94,3,$$$$,SingleMalt-like,ABC,B,India,Malt
Lohin McKinnon Wine Barrel Finished (Black Sage),7.84,0.65,8,$$$,SingleMalt-like,ABC,C,Canada,Malt
Singleton of Dufftown Spey Cascade,7.44,0.63,3,$$,SingleMalt-like,ABC,C,Scotland,Malt
Ichiro's Malt The Joker,9.22,0.19,4,$$$$$+,SingleMalt-like,EF,F,Japan,Malt
Bruichladdich Black Art 7.x 1994,9.16,0.13,5,$$$$$+,SingleMalt-like,EF,E,Scotland,Malt
Cragganmore 12yo (Special Release 2019),9.15,0.16,3,$$$$,SingleMalt-like,EF,E,Scotland,Malt
Glenfiddich 30yo,9.14,0.19,5,$$$$$+,SingleMalt-like,EF,E,Scotland,Malt
Hibiki 21yo,9.13,0.27,11,$$$$$+,SingleMalt-like,EF,E,Japan,Blend
Bunnahabhain 40yo,9.12,0.38,6,$$$$$+,SingleMalt-like,EF,F,Scotland,Malt
Bruichladdich Black Art 3.x 1989,9.11,0.37,15,$$$$$+,SingleMalt-like,EF,E,Scotland,Malt
Bruichladdich Black Art 8.x 1994,9.1,0.27,3,$$$$$+,SingleMalt-like,EF,E,Scotland,Malt
Bruichladdich Black Art 6.x 1990,9.09,0.21,10,$$$$$+,SingleMalt-like,EF,E,Scotland,Malt
Midleton Very Rare 2017,9.08,0.28,4,$$$$$,SingleMalt-like,EF,E,Ireland,Blend
Midleton Dair Ghaelach,9.07,0.38,11,$$$$$,SingleMalt-like,EF,E,Ireland,Blend
Glencadam 25yo,9.06,0.05,4,$$$$$+,SingleMalt-like,EF,E,Scotland,Malt
Amrut Virgin Oak Single Cask,9.04,0.25,5,$$$$,SingleMalt-like,EF,E,India,Malt
Bruichladdich Black Art 2.x 1989,9.03,0.24,9,$$$$$+,SingleMalt-like,EF,E,Scotland,Malt
Redbreast 12yo Cask Strength,9.03,0.27,27,$$$$,SingleMalt-like,EF,E,Ireland,Malt
Macallan Edition No. 6,9.02,0.28,5,$$$$$,SingleMalt-like,EF,E,Scotland,Malt
Cragganmore 25yo,9.01,0.05,4,$$$$$+,SingleMalt-like,EF,E,Scotland,Malt
Mackmyra Reserve Single Cask (various casks),9.01,0.5,7,$$$$$,SingleMalt-like,EF,E,Sweden,Malt
Amrut Double Cask,8.98,0.19,13,$$$$,SingleMalt-like,EF,E,India,Malt
Midleton Very Rare 2021,8.98,0.44,3,$$$$$,SingleMalt-like,EF,E,Ireland,Blend
Aultmore 25yo,8.97,0.24,5,$$$$$+,SingleMalt-like,EF,E,Scotland,Malt
Yamazaki Mizunara,8.96,0.22,9,$$$$$+,SingleMalt-like,EF,E,Japan,Malt
Compass Box 3yo Deluxe,8.95,0.34,13,$$$$$+,SingleMalt-like,EF,F,Scotland,Malt
GlenDronach 19yo Madeira Finish,8.94,0.37,8,$$$$$,SingleMalt-like,EF,E,Scotland,Malt
Old Pulteney 25yo,8.94,0.21,6,$$$$$,SingleMalt-like,EF,E,Scotland,Malt
Arran Malt 18yo,8.93,0.15,19,$$$$$,SingleMalt-like,EF,E,Scotland,Malt
Kanosuke New Born 2018 8mo,8.93,0.23,4,$$$$,SingleMalt-like,EF,F,Japan,Malt
Bruichladdich The Organic 2010,8.92,0.17,4,$$$$,SingleMalt-like,EF,E,Scotland,Malt
Glenlivet Nadurra First Fill (White Oak),8.92,0.25,5,$$$$,SingleMalt-like,EF,E,Scotland,Malt
Craigellachie 23yo,8.91,0.21,13,$$$$$+,SingleMalt-like,EF,E,Scotland,Malt
Tomatin Decades,8.91,0.56,9,$$$$$,SingleMalt-like,EF,E,Scotland,Malt
Yamazaki Limited Edition 2016,8.91,0.29,3,$$$$$+,SingleMalt-like,EF,E,Japan,Malt
Amrut Herald,8.9,0.16,6,$$$$,SingleMalt-like,EF,E,India,Malt
Two Brewers Release 22 Innovative,8.9,0.2,4,$$$$,SingleMalt-like,EF,E,Canada,Malt
Amrut Fusion,8.89,0.23,32,$$$$,SingleMalt-like,EF,E,India,Malt
Glenmorangie Ealanta,8.89,0.26,19,$$$$$+,SingleMalt-like,EF,F,Scotland,Malt
Macallan Edition No. 2,8.89,0.24,23,$$$$$,SingleMalt-like,EF,E,Scotland,Malt
Two Brewers Release 23 Special Finishes,8.89,0.29,5,$$$$,SingleMalt-like,EF,E,Canada,Malt
Caol Ila 18yo Unpeated 2017,8.88,0.29,15,$$$$$,SingleMalt-like,EF,E,Scotland,Malt
Kavalan ex-Bourbon Oak,8.88,0.24,7,$$$$,SingleMalt-like,EF,E,Taiwan,Malt
Bruichladdich Black Art 5.x 1992,8.87,0.32,11,$$$$$+,SingleMalt-like,EF,E,Scotland,Malt
Compass Box Spice Tree Extravaganza,8.87,0.28,12,$$$$$,SingleMalt-like,EF,F,Scotland,Malt
Glen Grant 25yo,8.87,0.15,3,$$$$$,SingleMalt-like,EF,E,Scotland,Malt
Macallan Edition No. 4,8.87,0.36,13,$$$$$,SingleMalt-like,EF,E,Scotland,Malt
Arran Malt The Devil’s Punch Bowl (all chapters),8.86,0.31,10,$$$$$,SingleMalt-like,EF,E,Scotland,Malt
Mortlach 16yo,8.86,0.21,13,$$$$$,SingleMalt-like,EF,E,Scotland,Malt
Two Brewers Release 27 Innovative,8.86,0.25,3,$$$$,SingleMalt-like,EF,E,Canada,Malt
Arran Malt Bourbon Single Cask,8.85,0.26,10,$$$$,SingleMalt-like,EF,E,Scotland,Malt
Balblair 15yo,8.85,0.1,6,$$$$,SingleMalt-like,EF,E,Scotland,Malt
Compass Box Phenomenology,8.85,0.44,12,$$$$$,SingleMalt-like,EF,F,Scotland,Malt
Arran Malt 17yo,8.84,0.25,11,$$$$,SingleMalt-like,EF,E,Scotland,Malt
Glenmorangie Astar,8.83,0.33,21,$$$$$,SingleMalt-like,EF,E,Scotland,Malt
Kavalan Solist Ex-Bourbon,8.83,0.24,26,$$$$$+,SingleMalt-like,EF,E,Taiwan,Malt
Mackmyra Moment Glöd,8.82,0.46,4,$$$$$,SingleMalt-like,EF,E,Sweden,Malt
Glenlivet 21yo Archive (all batches),8.81,0.26,15,$$$$$,SingleMalt-like,EF,E,Scotland,Malt
Mackmyra Moment Urberg,8.81,0.28,3,$$$$$,SingleMalt-like,EF,E,Sweden,Malt
BenRiach 25yo,8.8,0.45,17,$$$$$+,SingleMalt-like,EF,E,Scotland,Malt
Bruichladdich 21yo Cuvée 382 La Berenice,8.8,0.59,10,$$$$$,SingleMalt-like,EF,E,Scotland,Malt
Bruichladdich 21yo Cuvée 640 Eroica,8.8,0.43,11,$$$$$,SingleMalt-like,EF,E,Scotland,Malt
Glen Grant Five Decades,8.8,0.21,6,$$$$$,SingleMalt-like,EF,E,Scotland,Malt
High Coast (Box) The 2nd Step Collection 02,8.8,0.15,9,$$$$$,SingleMalt-like,EF,E,Sweden,Malt
Paul John Single Cask,8.8,0.61,8,$$$$,SingleMalt-like,EF,E,India,Malt
Amrut Two Continents,8.79,0.46,15,$$$$,SingleMalt-like,EF,E,India,Malt
Hibiki 17yo,8.79,0.31,20,$$$$$,SingleMalt-like,EF,E,Japan,Blend
Midleton Very Rare (all vintages),8.79,0.39,15,$$$$$,SingleMalt-like,EF,E,Ireland,Blend
Midleton Very Rare 2016,8.79,0.34,4,$$$$$,SingleMalt-like,EF,E,Ireland,Blend
Nikka From the Barrel,8.79,0.34,32,$$$,SingleMalt-like,EF,F,Japan,Blend
Auchentoshan 21yo,8.78,0.26,15,$$$$$,SingleMalt-like,EF,E,Scotland,Malt
Game of Thrones House Tyrell Clynelish Reserve,8.78,0.21,10,$$$$,SingleMalt-like,EF,F,Scotland,Malt
Macallan Edition No. 1,8.78,0.45,11,$$$$$,SingleMalt-like,EF,E,Scotland,Malt
Arran Malt Tokaji Aszu Wine Finish,8.77,0.35,4,$$$$,SingleMalt-like,EF,F,Scotland,Malt
Nikka Taketsuru 17yo,8.77,0.27,16,$$$$$,SingleMalt-like,EF,E,Japan,Malt
Old Pulteney 17yo,8.77,0.28,25,$$$$$,SingleMalt-like,EF,E,Scotland,Malt
Two Brewers Release 14 Innovative,8.77,0.33,6,$$$$,SingleMalt-like,EF,E,Canada,Malt
Aberfeldy 21yo,8.76,0.22,10,$$$$$,SingleMalt-like,EF,E,Scotland,Malt
Compass Box Spice Tree,8.76,0.34,29,$$$$,SingleMalt-like,EF,F,Scotland,Malt
Hakushu 18yo,8.76,0.31,10,$$$$$,SingleMalt-like,EF,F,Japan,Malt
Kininvie 17yo (all batches),8.76,0.29,10,$$$$$+,SingleMalt-like,EF,E,Scotland,Malt
Mortlach Special Strength,8.76,0.61,6,$$$$$,SingleMalt-like,EF,E,Scotland,Malt
Strathmill 25yo,8.76,0.48,4,$$$$$+,SingleMalt-like,EF,E,Scotland,Malt
Westland Single Cask,8.76,0.14,6,$$$$,SingleMalt-like,EF,E,USA,Malt
Cragganmore NAS (Special Release 2016),8.75,0.64,5,$$$$$,SingleMalt-like,EF,E,Scotland,Malt
Glen Scotia 15yo,8.74,0.33,15,$$$,SingleMalt-like,EF,E,Scotland,Malt
Glenfiddich Winter Storm 21yo Experimental Series No. 3,8.74,0.36,10,$$$$$+,SingleMalt-like,EF,F,Scotland,Malt
Macallan Edition No. 3,8.74,0.25,15,$$$$$,SingleMalt-like,EF,E,Scotland,Malt
Old Pulteney 15yo,8.74,0.41,9,$$$$,SingleMalt-like,EF,E,Scotland,Malt
Redbreast 15yo,8.74,0.26,20,$$$$,SingleMalt-like,EF,E,Ireland,Malt
Arran Malt Napoleon Cognac Finish,8.73,0.7,5,$$$$,SingleMalt-like,EF,E,Scotland,Malt
Clynelish 14yo,8.73,0.29,24,$$$$,SingleMalt-like,EF,F,Scotland,Malt
Glenfiddich 19yo Age of Discovery (Bourbon Cask),8.73,0.27,10,$$$$$,SingleMalt-like,EF,E,Scotland,Malt
Glenfiddich Cask of Dreams,8.73,0.21,8,$$$$$,SingleMalt-like,EF,F,Scotland,Malt
Mackmyra Special 04,8.73,0.37,8,$$$$,SingleMalt-like,EF,E,Sweden,Malt
Shelter Point French Oak Double Barreled,8.73,0.4,4,$$$$,SingleMalt-like,EF,E,Canada,Malt
Amrut Bourbon Single Cask,8.72,0.36,13,$$$$,SingleMalt-like,EF,E,India,Malt
Balvenie 12yo Single Barrel,8.72,0.37,18,$$$$,SingleMalt-like,EF,E,Scotland,Malt
Glenmorangie 18yo,8.72,0.27,21,$$$$$,SingleMalt-like,EF,E,Scotland,Malt
Mackmyra Moment Rimfrost,8.72,0.4,3,$$$$$,SingleMalt-like,EF,E,Sweden,Malt
AnCnoc 18yo,8.71,0.32,15,$$$$,SingleMalt-like,EF,E,Scotland,Malt
Bruichladdich Black Art 4.x 1990,8.71,0.55,18,$$$$$+,SingleMalt-like,EF,E,Scotland,Malt
Redbreast 12yo,8.71,0.41,26,$$$,SingleMalt-like,EF,E,Ireland,Malt
Bunnahabhain 12yo,8.7,0.26,33,$$$,SingleMalt-like,EF,F,Scotland,Malt
Glen Garioch 12yo,8.7,0.29,21,$$$$,SingleMalt-like,EF,F,Scotland,Malt
Glenfiddich Project XX Experimental Series No. 2,8.7,0.26,14,$$$$,SingleMalt-like,EF,E,Scotland,Malt
High Coast (Box) The Festival 2016,8.69,0.03,3,$$$$$,SingleMalt-like,EF,F,Sweden,Malt
Macallan 18yo Fine Oak,8.69,0.26,9,$$$$$,SingleMalt-like,EF,E,Scotland,Malt
Balvenie 25yo Single Barrel,8.68,0.79,4,$$$$$+,SingleMalt-like,EF,E,Scotland,Malt
Mortlach 18yo,8.68,0.63,10,$$$$$+,SingleMalt-like,EF,E,Scotland,Malt
Two Brewers Release 21 Classic,8.68,0.2,5,$$$$,SingleMalt-like,EF,E,Canada,Malt
Glenfiddich 15yo Distillery Edition,8.67,0.28,20,$$$$,SingleMalt-like,EF,E,Scotland,Malt
Two Brewers Release 17 Innovative,8.67,0.22,5,$$$$,SingleMalt-like,EF,E,Canada,Malt
Bruichladdich The Organic 2009,8.66,0.44,5,$$$$,SingleMalt-like,EF,E,Scotland,Malt
Caol Ila 17yo Unpeated 2015,8.66,0.44,14,$$$$$,SingleMalt-like,EF,E,Scotland,Malt
Ichiro's Malt Double Distilleries,8.66,0.24,10,$$$$$,SingleMalt-like,EF,E,Japan,Malt
Macallan Edition No. 5,8.66,0.3,8,$$$$$,SingleMalt-like,EF,E,Scotland,Malt
Mackmyra Special 03,8.66,0.29,7,$$$$$,SingleMalt-like,EF,E,Sweden,Malt
Nikka Coffey Malt,8.65,0.46,16,$$$$,SingleMalt-like,EF,E,Japan,Malt
"Bruichladdich The Organic (Mid Coul, Coulmore, Mains of Tullibardine Farms)",8.64,0.26,7,$$$$,SingleMalt-like,EF,E,Scotland,Malt
Kilkerran Work in Progress Sherry Wood,8.64,0.36,15,$$$$,SingleMalt-like,EF,E,Scotland,Malt
Storas 21yo Rare Cask Reserves Blended,8.64,0.11,5,$$$,SingleMalt-like,EF,E,Scotland,Blend
Tobermory 12yo Bourbon-matured,8.64,0.23,7,$$$,SingleMalt-like,EF,E,Scotland,Malt
Aberlour A'Bunadh Alba (all batches),8.63,0.65,3,$$$$,SingleMalt-like,EF,F,Scotland,Malt
Balblair 18yo,8.63,0.37,6,$$$$$,SingleMalt-like,EF,E,Scotland,Malt
Balcones Texas Single Malt Whisky,8.63,0.34,21,$$$$,SingleMalt-like,EF,E,USA,Malt
Teerenpeli Distiller's Choice KASKI,8.63,0.25,4,$$$$,SingleMalt-like,EF,E,Finland,Malt
Two Brewers Release 04 Special Finishes,8.63,0.2,5,$$$$,SingleMalt-like,EF,E,Canada,Malt
Timorous Beastie 18yo,8.62,0.28,5,$$$$,SingleMalt-like,EF,E,Scotland,Malt
Bunnahabhain 12yo Cask Strength,8.61,0.52,3,$$$$,SingleMalt-like,EF,F,Scotland,Malt
Craigellachie 17yo,8.61,0.19,12,$$$$$,SingleMalt-like,EF,E,Scotland,Malt
Glenrothes Vintage 1995 (all bottlings),8.61,0.31,18,$$$$,SingleMalt-like,EF,E,Scotland,Malt
Sullivans Cove Port Cask Strength,8.61,0.65,9,$$$$$,SingleMalt-like,EF,E,Tasmania,Malt
Two Brewers Innovative (all releases),8.6,0.22,8,$$$$,SingleMalt-like,EF,E,Canada,Malt
Aberlour A'Bunadh Alba (Batch 1),8.59,0.54,4,$$$$,SingleMalt-like,EF,F,Scotland,Malt
Bruichladdich The Organic (all editions),8.59,0.29,15,$$$$,SingleMalt-like,EF,E,Scotland,Malt
Glen Scotia Victoriana,8.59,0.4,13,$$$$,SingleMalt-like,EF,E,Scotland,Malt
Mackmyra Special 09,8.59,0.2,4,$$$$,SingleMalt-like,EF,E,Sweden,Malt
Paul John Classic Select Cask,8.59,0.38,7,$$$$,SingleMalt-like,EF,E,India,Malt
Compass Box Oak Cross,8.58,0.37,18,$$$,SingleMalt-like,EF,F,Scotland,Malt
Glenlivet Cipher,8.58,0.34,7,$$$$,SingleMalt-like,EF,E,Scotland,Malt
Glenlivet 18yo,8.56,0.24,28,$$$$$,SingleMalt-like,EF,E,Scotland,Malt
Old Pulteney 18yo,8.56,0.49,7,$$$$$,SingleMalt-like,EF,E,Scotland,Malt
Bushmills 12yo Single Malt,8.55,0.34,4,$$$$$,SingleMalt-like,EF,E,Ireland,Malt
Glenfiddich 18yo,8.55,0.37,28,$$$$$,SingleMalt-like,EF,E,Scotland,Malt
Mortlach 12yo,8.55,0.55,6,$$$$$,SingleMalt-like,EF,E,Scotland,Malt
Sullivans Cove Bourbon Cask Strength,8.55,0.72,7,$$$$,SingleMalt-like,EF,F,Tasmania,Malt
Two Brewers Release 08 Innovative,8.55,0.61,6,$$$$,SingleMalt-like,EF,E,Canada,Malt
Sullivans Cove American Oak,8.54,0.39,7,$$$$$,SingleMalt-like,EF,E,Tasmania,Malt
Balvenie 14yo Carribean Cask,8.53,0.34,26,$$$$,SingleMalt-like,EF,F,Scotland,Malt
Deanston 18yo (Bourbon Finish),8.53,0.34,11,$$$$$,SingleMalt-like,EF,E,Scotland,Malt
Midleton Very Rare 2015,8.53,0.37,6,$$$$$,SingleMalt-like,EF,E,Ireland,Blend
Tyrconnell 10yo Madeira Cask Finish,8.53,0.36,12,$$$$,SingleMalt-like,EF,E,Ireland,Malt
Arran Malt Sauternes Finish,8.52,0.29,17,$$$,SingleMalt-like,EF,E,Scotland,Malt
Glengoyne 17yo,8.52,0.36,17,$$$$$,SingleMalt-like,EF,E,Scotland,Malt
Nikka Pure Malt Red,8.52,0.32,10,$$$,SingleMalt-like,EF,E,Japan,Malt
Westland American Single Malt (American Oak),8.52,0.34,20,$$$$,SingleMalt-like,EF,E,USA,Malt
Glen Grant 18yo,8.51,0.57,12,$$$$$,SingleMalt-like,EF,E,Scotland,Malt
Glenfiddich 14yo Rich Oak,8.51,0.31,14,$$$,SingleMalt-like,EF,E,Scotland,Malt
Green Spot,8.51,0.35,24,$$$$,SingleMalt-like,EF,F,Ireland,Malt
Singleton of Glendullan 15yo,8.51,0.29,6,$$$,SingleMalt-like,EF,E,Scotland,Malt
Auchentoshan Bartender's Malt,8.5,0.46,13,$$,SingleMalt-like,EF,E,Scotland,Malt
Benromach Organic,8.5,0.39,19,$$$$,SingleMalt-like,EF,E,Scotland,Malt
High Coast (Box) The Messenger,8.5,0.43,4,$$$$$,SingleMalt-like,EF,E,Sweden,Malt
Royal Brackla 16yo,8.5,0.29,12,$$$$$,SingleMalt-like,EF,E,Scotland,Malt
Copperworks American Single Malt,8.49,0.26,6,$$$,SingleMalt-like,EF,E,USA,Malt
Teerenpeli Distiller’s Choice RASI,8.49,0.45,3,$$$$,SingleMalt-like,EF,E,Finland,Malt
Yamazaki Distiller's Reserve,8.49,0.27,10,$$$$,SingleMalt-like,EF,E,Japan,Malt
Glen Grant 16yo,8.48,0.35,7,$$$$,SingleMalt-like,EF,E,Scotland,Malt
Kininvie 23yo (all batches),8.48,0.4,9,$$$$$+,SingleMalt-like,EF,E,Scotland,Malt
Mackmyra Moment Jord,8.48,0.75,3,$$$$,SingleMalt-like,EF,E,Sweden,Malt
Bruichladdich The Organic 2003,8.47,0.27,6,$$$$,SingleMalt-like,EF,E,Scotland,Malt
Mackmyra Special 05,8.47,0.4,7,$$$$,SingleMalt-like,EF,E,Sweden,Malt
Paul John Brilliance,8.47,0.34,15,$$$,SingleMalt-like,EF,E,India,Malt
Macallan 21yo Fine Oak,8.46,0.36,7,$$$$$+,SingleMalt-like,EF,E,Scotland,Malt
Singleton of Glendullan 18yo,8.46,0.32,3,$$$$,SingleMalt-like,EF,E,Scotland,Malt
Bruichladdich Black Art 1989,8.45,0.56,5,$$$$$+,SingleMalt-like,EF,E,Scotland,Malt
Macallan 15yo Fine Oak,8.45,0.48,15,$$$$$,SingleMalt-like,EF,E,Scotland,Malt
Mackmyra Moment Källa,8.45,0.29,3,$$$$$,SingleMalt-like,EF,E,Sweden,Malt
Singleton of Glen Ord 15yo,8.45,0.47,5,$$$$,SingleMalt-like,EF,E,Scotland,Malt
Mackmyra Special 08,8.44,0.33,6,$$$$,SingleMalt-like,EF,E,Sweden,Malt
Bunnahabhain Stiuireadair,8.42,0.37,10,$$$,SingleMalt-like,EF,F,Scotland,Malt
Macallan 12yo Double Cask,8.42,0.34,15,$$$$,SingleMalt-like,EF,E,Scotland,Malt
Mackmyra Moment Solsken,8.42,0.56,3,$$$$$,SingleMalt-like,EF,E,Sweden,Malt
Glen Elgin 12yo,8.41,0.22,17,$$$$,SingleMalt-like,EF,E,Scotland,Malt
Mortlach Rare Old,8.41,0.37,18,$$$$$,SingleMalt-like,EF,E,Scotland,Malt
Tullamore Dew 14yo Single Malt,8.41,0.23,3,$$$,SingleMalt-like,EF,E,Ireland,Malt
Balblair 16yo,8.4,0.42,4,$$$$$,SingleMalt-like,EF,E,Scotland,Malt
GlenDronach 8yo The Hielan,8.4,0.31,17,$$$,SingleMalt-like,EF,E,Scotland,Malt
Glenfiddich IPA Cask Finish Experimental Series No. 1,8.4,0.39,21,$$$,SingleMalt-like,EF,E,Scotland,Malt
Nikka Taketsuru 12yo,8.4,0.4,20,$$$$,SingleMalt-like,EF,E,Japan,Malt
Teerenpeli 8yo,8.4,0.4,7,$$$$$,SingleMalt-like,EF,E,Finland,Malt
Tullibardine 25yo,8.4,0.39,7,$$$$$+,SingleMalt-like,EF,E,Ireland,Malt
Auchentoshan 18yo,8.39,0.38,17,$$$$$,SingleMalt-like,EF,E,Scotland,Malt
Bunnahabhain Darach Ur,8.39,0.32,10,$$$,SingleMalt-like,EF,F,Scotland,Malt
Bunnahabhain Eirigh Na Greine,8.39,0.41,13,$$$$,SingleMalt-like,EF,F,Scotland,Malt
Glenlivet Captain's Reserve,8.39,0.2,4,$$$,SingleMalt-like,EF,E,Scotland,Malt
Nikka All Malt,8.39,0.22,9,$$,SingleMalt-like,EF,E,Japan,Malt
Craigellachie 14yo,8.38,0.28,6,$$$$$+,SingleMalt-like,EF,F,Scotland,Malt
Knappogue Castle 14yo Twin Wood,8.38,0.4,7,$$$$,SingleMalt-like,EF,E,Ireland,Malt
Mackmyra Moment Malström (Maelstrom),8.38,0.81,3,$$$$$,SingleMalt-like,EF,E,Sweden,Malt
Glenlivet 15yo French Oak,8.37,0.27,22,$$$$,SingleMalt-like,EF,F,Scotland,Malt
Mackmyra Special 10,8.36,0.49,3,$$$$,SingleMalt-like,EF,E,Sweden,Malt
Okanagan Spirits Laird of Fintry (all editions),8.36,0.62,11,$$$,SingleMalt-like,EF,E,Canada,Malt
Tomatin 15yo,8.36,0.42,9,$$$$,SingleMalt-like,EF,E,Scotland,Malt
Dalmore 12yo,8.34,0.31,26,$$$,SingleMalt-like,EF,E,Scotland,Malt
Singleton of Dufftown 18yo,8.34,0.14,6,$$$$,SingleMalt-like,EF,E,Scotland,Malt
BenRiach 12yo Horizons,8.33,0.39,7,$$$$,SingleMalt-like,EF,E,Scotland,Malt
Glenrothes Vintage 1998 (2014),8.33,0.59,12,$$$$,SingleMalt-like,EF,F,Scotland,Malt
Old Pulteney 12yo,8.33,0.46,31,$$$,SingleMalt-like,EF,E,Scotland,Malt
Glenrothes Vintage Reserve (NAS),8.32,0.35,8,$$$,SingleMalt-like,EF,E,Scotland,Malt
Glenfiddich 14yo Bourbon Barrel Reserve,8.31,0.28,17,$$$$,SingleMalt-like,EF,E,Scotland,Malt
Matsui Sakura Cask,8.31,0.62,6,$$$$,SingleMalt-like,EF,F,Japan,Malt
Old Pulteney Navigator,8.31,0.36,16,$$$,SingleMalt-like,EF,E,Scotland,Malt
Scapa 16yo,8.31,0.3,17,$$$$,SingleMalt-like,EF,E,Scotland,Malt
Cragganmore 12yo,8.3,0.3,22,$$$,SingleMalt-like,EF,E,Scotland,Malt
Auchentoshan 12yo,8.29,0.27,26,$$$,SingleMalt-like,EF,E,Scotland,Malt
Gouden Carolus Single Malt,8.29,0.34,5,$$$$,SingleMalt-like,EF,E,Belgium,Malt
Singleton of Dufftown 15yo,8.29,0.21,8,$$$,SingleMalt-like,EF,E,Scotland,Malt
Singleton of Glen Ord 12yo,8.29,0.32,7,$$,SingleMalt-like,EF,E,Scotland,Malt
Sullivans Cove Double Cask,8.29,0.5,14,$$$$,SingleMalt-like,EF,E,Tasmania,Malt
Tullibardine 225 Sauternes Finish,8.29,0.37,7,$$$$,SingleMalt-like,EF,E,Scotland,Malt
Monkey Shoulder,8.28,0.38,23,$$,SingleMalt-like,EF,E,Scotland,Malt
Royal Brackla 12yo,8.28,0.42,13,$$$$,SingleMalt-like,EF,E,Scotland,Malt
Teeling Small Batch (Rum Cask Finish),8.28,0.37,26,$$,SingleMalt-like,EF,E,Ireland,Blend
Wemyss Malts Smooth Gentleman,8.28,0.12,3,$$$,SingleMalt-like,EF,E,Scotland,Malt
Deveron 12yo,8.27,0.31,7,$$$,SingleMalt-like,EF,E,Scotland,Malt
Macallan 10yo Fine Oak,8.27,0.34,21,$$$,SingleMalt-like,EF,E,Scotland,Malt
Nantou (Omar) Yushan Bourbon Cask,8.27,0.38,9,$$$$,SingleMalt-like,EF,E,Taiwan,Malt
Deanston 12yo,8.26,0.42,24,$$$,SingleMalt-like,EF,F,Scotland,Malt
Deveron 18yo,8.25,0.66,8,$$$$,SingleMalt-like,EF,E,Scotland,Malt
Edradour 10yo,8.24,0.68,18,$$$,SingleMalt-like,EF,E,Scotland,Malt
Macallan Amber,8.24,0.44,15,$$$,SingleMalt-like,EF,E,Scotland,Malt
Tobermory 10yo,8.22,0.39,27,$$$,SingleMalt-like,EF,F,Scotland,Malt
Glenrothes Elders' Reserve,8.21,0.71,7,$$$$,SingleMalt-like,EF,E,Scotland,Malt
Scallywag,8.21,0.54,16,$$$$,SingleMalt-like,EF,E,Scotland,Malt
Stalk & Barrel Single Malt (All Casks),8.21,0.44,14,$$$,SingleMalt-like,EF,F,Canada,Malt
Strathisla 12yo,8.21,0.28,15,$$$,SingleMalt-like,EF,E,Scotland,Malt
Bruichladdich Sherry Classic,8.19,0.93,6,$$$$,SingleMalt-like,EF,E,Scotland,Malt
Glencadam Origin 1825 (NAS),8.19,0.14,7,$$,SingleMalt-like,EF,E,Scotland,Malt
Glen Breton 21yo,8.18,0.37,3,$$$$$,SingleMalt-like,EF,E,Canada,Malt
Mackmyra Moment Jakt,8.18,0.57,3,$$$$$,SingleMalt-like,EF,E,Sweden,Malt
Glenrothes 12yo,8.17,0.87,7,$$$,SingleMalt-like,EF,E,Scotland,Malt
Tomintoul 12yo Oloroso Sherry,8.17,0.58,11,$$$$,SingleMalt-like,EF,E,Scotland,Malt
Auchroisk 10yo (F&F),8.16,0.09,4,$$$,SingleMalt-like,EF,E,Scotland,Malt
Glenfiddich Select Cask,8.16,0.38,11,$$$,SingleMalt-like,EF,E,Scotland,Malt
Arran Malt Robert Burns Single Malt,8.15,0.6,11,$$,SingleMalt-like,EF,F,Scotland,Malt
The Irishman Single Malt (NAS),8.15,0.4,8,$$$,SingleMalt-like,EF,E,Ireland,Malt
Tullibardine 1993 Sauternes,8.13,0.37,5,$$$,SingleMalt-like,EF,E,Scotland,Malt
Aberfeldy 12yo,8.12,0.33,24,$$$,SingleMalt-like,EF,E,Scotland,Malt
Glenrothes Manse Reserve,8.12,0.93,3,$$$,SingleMalt-like,EF,E,Scotland,Malt
Glenrothes Vintage 2001 (all bottlings),8.12,0.59,11,$$$$,SingleMalt-like,EF,E,Scotland,Malt
BenRiach 15yo Sauternes Finish,8.09,0.54,3,$$$$,SingleMalt-like,EF,F,Scotland,Malt
Glenburgie 10yo (Gordon & MacPhail),8.09,0.41,8,$$$,SingleMalt-like,EF,F,Scotland,Malt
Ohishi Brandy Cask,8.09,0.35,4,$$$$,SingleMalt-like,EF,E,Japan,Malt
Tomatin 12yo,8.09,0.4,23,$$,SingleMalt-like,EF,E,Scotland,Malt
Glen Moray 10yo Chardonnay Cask,8.08,0.56,14,$$,SingleMalt-like,EF,F,Scotland,Malt
Glen Garioch Virgin Oak,8.07,0.46,8,$$$$,SingleMalt-like,EF,E,Scotland,Malt
Glenlivet 12yo,8.06,0.33,26,$$$,SingleMalt-like,EF,E,Scotland,Malt
Lohin McKinnon Choclolate Malt,8.06,0.48,3,$$$,SingleMalt-like,EF,E,Canada,Malt
Two Brewers Release 05 Innovative,8.06,0.77,6,$$$$,SingleMalt-like,EF,E,Canada,Malt
Miltonduff 10yo (F&F),8.04,0.45,4,$$$,SingleMalt-like,EF,E,Scotland,Malt
Singleton of Dufftown Unité,8.03,0.33,4,$$,SingleMalt-like,EF,E,Scotland,Malt
Tullibardine 228 Burgundy Finish,8.03,0.33,6,$$$,SingleMalt-like,EF,E,Scotland,Malt
Dalmore Valour,8.0,0.38,11,$$$$,SingleMalt-like,EF,E,Scotland,Malt
Singleton of Glendullan 12yo,8.0,0.43,15,$$,SingleMalt-like,EF,E,Scotland,Malt
Tullamore Dew 10yo Single Malt,8.0,0.84,6,$$$,SingleMalt-like,EF,E,Ireland,Malt
Glen Deveron 10yo (Macduff),7.95,0.38,5,$$,SingleMalt-like,EF,E,Scotland,Malt
Millstone 8yo French Oak,7.94,0.57,4,$$$$,SingleMalt-like,EF,E,Netherlands,Malt
Glenlivet Founder's Reserve,7.93,0.34,20,$$,SingleMalt-like,EF,E,Scotland,Malt
Singleton of Dufftown 12yo,7.91,0.48,12,$$,SingleMalt-like,EF,E,Scotland,Malt
Santis Edition Sigel,7.89,0.76,8,$$$,SingleMalt-like,EF,E,Switzerland,Malt
Game of Thrones House Tully Singleton Glendullan Select,7.87,0.42,6,$$$,SingleMalt-like,EF,E,Scotland,Malt
Scapa Skiren,7.83,0.72,12,$$$$,SingleMalt-like,EF,E,Scotland,Malt
Glen Moray 12yo Chenin Blanc,7.82,0.83,6,$$,SingleMalt-like,EF,F,Scotland,Malt
Penderyn Legend,7.8,0.76,10,$$$,SingleMalt-like,EF,F,Wales,Malt
Glenrothes Select Reserve,7.79,0.33,15,$$$,SingleMalt-like,EF,E,Scotland,Malt
Singleton of Glen Ord Signature,7.79,0.39,3,$$$,SingleMalt-like,EF,E,Scotland,Malt
Penderyn Aur Cymru,7.72,0.65,9,$$$$,SingleMalt-like,EF,E,Wales,Malt
Speyside 10yo,7.7,0.64,4,$$$,SingleMalt-like,EF,E,Scotland,Malt
Mars Iwai Tradition,7.6,0.85,8,$$$$,SingleMalt-like,EF,E,Japan,Blend
Mackmyra Special 01,7.54,0.45,3,$$$$$,SingleMalt-like,EF,E,Sweden,Malt
Glen Moray 16yo Chenin Blanc,7.53,0.66,4,$$$,SingleMalt-like,EF,F,Scotland,Malt
Santis Edition Säntis,7.49,0.86,7,$$$$,SingleMalt-like,EF,F,Switzerland,Malt
McClelland's Speyside Single Malt,6.95,0.82,7,$$,SingleMalt-like,EF,F,Scotland,Malt
Kavalan Solist Moscatel Cask,9.11,0.31,6,$$$$$+,SingleMalt-like,GH,G,Scotland,Malt
Midleton Barry Crockett Legacy,9.1,0.23,16,$$$$$,SingleMalt-like,GH,G,Ireland,Blend
Kavalan Solist Rum Cask,9.08,0.36,3,$$$$$+,SingleMalt-like,GH,G,Taiwan,Malt
Glen Scotia 25yo,9.06,0.08,3,$$$$$+,SingleMalt-like,GH,G,Scotland,Malt
Yamazaki Limited Edition 2015,8.99,0.11,3,$$$$$+,SingleMalt-like,GH,G,Japan,Malt
Highland Park 17yo The Light,8.98,0.27,7,$$$$$,SingleMalt-like,GH,G,Scotland,Malt
Bruichladdich Laddie Twenty Two 22yo,8.91,0.26,12,$$$$$,SingleMalt-like,GH,G,Scotland,Malt
Mackmyra Iskristall,8.91,0.28,3,$$$$$,SingleMalt-like,GH,G,Sweden,Malt
Aultmore 21yo,8.9,0.34,4,$$$$$,SingleMalt-like,GH,G,Scotland,Malt
Mackinlay's Shackleton Rare Old Highland Malt Discovery edition,8.88,0.4,16,$$$$$,SingleMalt-like,GH,H,Scotland,Malt
Teeling Silver Reserve 21yo Sauternes Finish,8.88,0.36,10,$$$$$,SingleMalt-like,GH,H,Ireland,Malt
High Coast (Box) The 2nd Step Collection 03,8.87,0.35,4,$$$$$,SingleMalt-like,GH,G,Sweden,Malt
Two Brewers Release 26 Classic,8.87,0.29,3,$$$$,SingleMalt-like,GH,G,Canada,Malt
Compass Box Double Single,8.86,0.29,9,$$$$$,SingleMalt-like,GH,G,Scotland,Blend
Mackmyra Vinterdrom,8.86,0.05,3,$$$$$,SingleMalt-like,GH,G,Sweden,Malt
Old Pulteney 21yo,8.86,0.31,22,$$$$$,SingleMalt-like,GH,H,Scotland,Malt
Bruichladdich Laddie Ten 10yo (Second Edition),8.85,0.24,14,$$$,SingleMalt-like,GH,G,Scotland,Malt
Compass Box Double Single (all editions),8.85,0.26,11,$$$$$,SingleMalt-like,GH,G,Scotland,Blend
Ichiro's Malt Chichibu On The Way,8.85,0.35,7,$$$$$+,SingleMalt-like,GH,G,Japan,Malt
Kilkerran 12yo,8.84,0.22,24,$$$$,SingleMalt-like,GH,G,Scotland,Malt
Glencadam 21yo,8.83,0.28,12,$$$$$,SingleMalt-like,GH,H,Scotland,Malt
Benromach 5yo,8.81,0.2,4,$$,SingleMalt-like,GH,G,Scotland,Malt
Bruichladdich Laddie Ten 10yo,8.81,0.26,22,$$$,SingleMalt-like,GH,G,Scotland,Malt
Kavalan Distillery Reserve Rum Cask,8.81,0.28,3,$$$$$,SingleMalt-like,GH,G,Taiwan,Malt
Glen Breton Ice 17yo,8.8,0.09,4,$$$$$,SingleMalt-like,GH,G,Canada,Malt
High Coast (Box) Quercus IV Mongolica,8.8,0.58,3,$$$$,SingleMalt-like,GH,G,Sweden,Malt
Mackinlay's Shackleton Rare Old Highland Malt (both limited editions),8.79,0.36,19,$$$$$,SingleMalt-like,GH,H,Scotland,Malt
Amrut Cask Strength,8.78,0.41,14,$$$$,SingleMalt-like,GH,G,India,Malt
Arran Malt Orkney Bere Barley,8.78,0.34,8,$$$$,SingleMalt-like,GH,G,Scotland,Malt
Macallan 17yo Fine Oak,8.78,0.52,11,$$$$$,SingleMalt-like,GH,G,Scotland,Malt
Two Brewers Release 10 Cask Strength,8.78,0.25,7,$$$$,SingleMalt-like,GH,G,Canada,Malt
Yamazaki Bourbon Barrel,8.78,0.26,9,$$$$$,SingleMalt-like,GH,G,Japan,Malt
Balvenie 15yo Single Barrel (Cask),8.76,0.37,29,$$$$,SingleMalt-like,GH,G,Scotland,Malt
Bruichladdich Laddie Sixteen 16yo,8.76,0.22,14,$$$$,SingleMalt-like,GH,G,Scotland,Malt
Glencadam 30yo,8.76,0.27,3,$$$$$+,SingleMalt-like,GH,H,Scotland,Malt
Glenmorangie Spios Private Edition No 9,8.76,0.24,12,$$$$,SingleMalt-like,GH,G,Scotland,Malt
Glenmorangie Tusail,8.76,0.32,16,$$$$$,SingleMalt-like,GH,G,Scotland,Malt
Kilkerran Work in Progress Bourbon Wood,8.76,0.43,15,$$$$,SingleMalt-like,GH,G,Scotland,Malt
Two Brewers Cask Strength (all releases),8.76,0.27,6,$$$$,SingleMalt-like,GH,G,Canada,Malt
Two Brewers Release 06 Classic,8.76,0.36,6,$$$$,SingleMalt-like,GH,G,Canada,Malt
Compass Box Enlightenment,8.75,0.19,10,$$$$,SingleMalt-like,GH,G,Scotland,Malt
Bladnoch 19yo (Cow label),8.74,0.22,4,$$$$$,SingleMalt-like,GH,G,Scotland,Malt
AnCnoc 16yo,8.73,0.33,17,$$$$,SingleMalt-like,GH,G,Scotland,Malt
Hakushu 10yo,8.72,0.26,4,$$$,SingleMalt-like,GH,H,Japan,Malt
Hakushu 12yo,8.72,0.24,24,$$$$,SingleMalt-like,GH,H,Japan,Malt
Aultmore 18yo,8.7,0.31,10,$$$$$,SingleMalt-like,GH,H,Scotland,Malt
Compass Box Rivals,8.7,0.19,5,$$$$$,SingleMalt-like,GH,G,Scotland,Blend
Glenfiddich 26yo Excellence,8.7,0.47,6,$$$$$+,SingleMalt-like,GH,G,Scotland,Malt
Arran Malt 14yo,8.68,0.25,26,$$$$,SingleMalt-like,GH,G,Scotland,Malt
Stronachie 18yo,8.67,0.3,8,$$$$,SingleMalt-like,GH,H,Scotland,Malt
Yamazaki 12yo,8.67,0.29,30,$$$$,SingleMalt-like,GH,G,Japan,Malt
Longrow 10yo,8.66,0.44,16,$$$$,SingleMalt-like,GH,G,Scotland,Malt
BenRiach Cask Strength,8.65,0.41,11,$$$$,SingleMalt-like,GH,H,Scotland,Malt
Caol Ila 15yo Unpeated 2018,8.65,0.45,17,$$$$$,SingleMalt-like,GH,G,Scotland,Malt
Kavalan Podium,8.65,0.27,11,$$$$,SingleMalt-like,GH,G,Taiwan,Malt
Linkwood 12yo (F&F),8.65,0.31,9,$$$$,SingleMalt-like,GH,H,Scotland,Malt
Mackmyra The First Edition (Den Första Utgåvan),8.65,0.35,18,$$$,SingleMalt-like,GH,H,Sweden,Malt
Arran Malt 12yo Cask Strength (all editions),8.64,0.37,19,$$$$,SingleMalt-like,GH,H,Scotland,Malt
Two Brewers Release 13 Classic,8.64,0.73,4,$$$$,SingleMalt-like,GH,G,Canada,Malt
Mackmyra Ten Years 10yo,8.63,0.25,9,$$$$$,SingleMalt-like,GH,H,Sweden,Malt
Hibiki 12yo,8.62,0.25,24,$$$$,SingleMalt-like,GH,G,Japan,Blend
Glenmorangie The Tarlogan,8.61,0.33,6,$$$$,SingleMalt-like,GH,H,Scotland,Malt
Mackinlay's Shackleton Rare Old Highland Malt Journey edition,8.6,0.25,11,$$$$$,SingleMalt-like,GH,H,Scotland,Malt
Two Brewers Classic (all releases),8.59,0.41,9,$$$$,SingleMalt-like,GH,G,Canada,Malt
Kilkerran Work in Progress,8.58,0.36,15,$$$$,SingleMalt-like,GH,G,Scotland,Malt
Mackmyra Preludium 03,8.58,0.88,5,$$$$$,SingleMalt-like,GH,H,Sweden,Malt
Tullibardine 20yo,8.58,0.31,5,$$$$$,SingleMalt-like,GH,G,Scotland,Malt
Westland Garryana,8.58,0.36,12,$$$$$,SingleMalt-like,GH,G,USA,Malt
Bruichladdich Classic Laddie Scottish Barley,8.56,0.33,22,$$$,SingleMalt-like,GH,G,Scotland,Malt
Mars Maltage Cosmo,8.56,0.23,5,$$$$,SingleMalt-like,GH,G,Japan,Malt
Arran Malt 10yo,8.55,0.27,27,$$$,SingleMalt-like,GH,G,Scotland,Malt
Spirit of Hven Urania,8.55,0.5,3,$$$$$+,SingleMalt-like,GH,H,Sweden,Malt
Two Brewers Release 16 Classic,8.55,0.55,6,$$$$,SingleMalt-like,GH,G,Canada,Malt
Yamazaki Puncheon,8.55,0.35,11,$$$$$,SingleMalt-like,GH,G,Japan,Malt
Glencadam 15yo,8.53,0.34,16,$$$$,SingleMalt-like,GH,H,Scotland,Malt
Two Brewers Release 20 Innovative,8.53,0.53,5,$$$$,SingleMalt-like,GH,G,Canada,Malt
Balblair 10yo,8.52,0.25,3,$$$,SingleMalt-like,GH,G,Scotland,Malt
Bladnoch 10yo (F&F),8.52,0.67,3,$$$$$,SingleMalt-like,GH,G,Scotland,Malt
Dalwhinnie 15yo,8.51,0.38,27,$$$$,SingleMalt-like,GH,H,Scotland,Malt
GlenDronach 14yo Virgin Oak,8.51,0.38,11,$$$$,SingleMalt-like,GH,G,Scotland,Malt
Ichiro's Malt Chichibu The Floor Malted,8.51,0.46,7,$$$$$+,SingleMalt-like,GH,G,Japan,Malt
Two Brewers Release 01 Classic,8.51,0.46,6,$$$$,SingleMalt-like,GH,G,Canada,Malt
AnCnoc 12yo,8.5,0.37,28,$$$,SingleMalt-like,GH,H,Scotland,Malt
Nikka Miyagikyo NAS,8.5,0.29,13,$$$$,SingleMalt-like,GH,H,Japan,Malt
Timorous Beastie 10yo,8.5,0.17,3,$$,SingleMalt-like,GH,G,Scotland,Malt
Glen Breton 15yo Battle of the Glen,8.49,0.28,7,$$$$$,SingleMalt-like,GH,G,Canada,Malt
AnCnoc Peter Arkle (all releases),8.48,0.3,10,$$$$,SingleMalt-like,GH,G,Scotland,Malt
Glendalough 13yo Single Malt,8.48,0.3,9,$$$$,SingleMalt-like,GH,G,Ireland,Malt
Tomatin Cu Bocan Virgin Oak Edition,8.48,0.51,3,$$$$,SingleMalt-like,GH,H,Scotland,Malt
Ichiro's Malt Chichibu The First,8.47,0.45,13,$$$$$+,SingleMalt-like,GH,G,Japan,Malt
Kavalan King Car Conductor,8.47,0.31,11,$$$$,SingleMalt-like,GH,G,Taiwan,Malt
Mackmyra Svensk Ek,8.47,0.44,5,$$$$,SingleMalt-like,GH,H,Sweden,Malt
Matsui Mizunara Cask,8.47,0.62,7,$$$$,SingleMalt-like,GH,G,Japan,Malt
Old Pulteney Huddart,8.47,0.25,5,$$$,SingleMalt-like,GH,H,Scotland,Malt
Balblair 2000,8.45,0.37,13,$$$$,SingleMalt-like,GH,H,Scotland,Malt
Glen Scotia 21yo,8.45,0.25,6,$$$$$,SingleMalt-like,GH,G,Scotland,Malt
High Coast (Box) Quercus III Petraea,8.45,0.49,3,$$$$,SingleMalt-like,GH,G,Sweden,Malt
Mackmyra Special 07,8.45,0.57,7,$$$$,SingleMalt-like,GH,H,Sweden,Malt
Yamazaki NAS,8.45,0.23,6,$$$$,SingleMalt-like,GH,G,Japan,Malt
BenRiach 10yo,8.44,0.35,14,$$$,SingleMalt-like,GH,G,Scotland,Malt
Game of Thrones House Stark Dalwhinnie Winter’s Frost,8.44,0.35,13,$$$$,SingleMalt-like,GH,H,Scotland,Malt
Inchgower 14yo (F&F),8.44,0.61,9,$$$$,SingleMalt-like,GH,H,Scotland,Malt
Sheep Dip Blended Malt,8.44,0.41,15,$$,SingleMalt-like,GH,H,Scotland,Malt
Benromach Traditional,8.43,0.46,13,$$,SingleMalt-like,GH,G,Scotland,Malt
Glen Grant 10yo (G&M),8.43,0.3,4,$$$,SingleMalt-like,GH,H,Scotland,Malt
Glencadam 10yo,8.43,0.47,15,$$$,SingleMalt-like,GH,H,Scotland,Malt
Macallan 12yo Fine Oak,8.43,0.39,19,$$$$,SingleMalt-like,GH,G,Scotland,Malt
Bruichladdich Laddie Classic (Edition 01),8.42,0.55,7,$$$,SingleMalt-like,GH,G,Scotland,Malt
FEW Single Malt,8.42,0.55,6,$$$$,SingleMalt-like,GH,G,USA,Malt
Glen Garioch Founder's Reserve,8.42,0.39,21,$$$,SingleMalt-like,GH,G,Scotland,Malt
Glen Scotia 18yo,8.42,0.58,5,$$$$,SingleMalt-like,GH,G,Scotland,Malt
Kavalan Single Malt Whisky,8.42,0.44,19,$$$$,SingleMalt-like,GH,G,Taiwan,Malt
Craigellachie 13yo,8.41,0.51,24,$$$,SingleMalt-like,GH,G,Scotland,Malt
Knappogue Castle 12yo,8.41,0.37,16,$$$,SingleMalt-like,GH,G,Ireland,Malt
Talisker Skye,8.41,0.31,14,$$,SingleMalt-like,GH,G,Scotland,Malt
BenRiach 12yo,8.4,0.3,18,$$$,SingleMalt-like,GH,G,Scotland,Malt
Glenmorangie 10yo,8.4,0.41,29,$$$,SingleMalt-like,GH,G,Scotland,Malt
Nikka Taketsuru NAS,8.4,0.47,11,$$$$,SingleMalt-like,GH,G,Japan,Malt
Stronachie 10yo,8.4,0.43,4,$$$,SingleMalt-like,GH,H,Scotland,Malt
Aultmore 12yo,8.39,0.38,19,$$$$,SingleMalt-like,GH,H,Scotland,Malt
Mackmyra The Swedish Whisky (Brukswhisky),8.39,0.58,14,$$,SingleMalt-like,GH,H,Sweden,Malt
Bruichladdich Laddie Eight 8yo,8.38,0.5,7,$$$,SingleMalt-like,GH,G,Scotland,Malt
Wemyss Malts The Hive,8.38,0.22,14,$$$,SingleMalt-like,GH,G,Scotland,Malt
Strathmill 12yo,8.37,0.28,3,$$$$,SingleMalt-like,GH,G,Scotland,Malt
Tomintoul 25yo,8.37,0.69,6,$$$$$+,SingleMalt-like,GH,G,Scotland,Malt
Glenkinchie Distiller's Edition (all editions),8.35,0.26,15,$$$$,SingleMalt-like,GH,B,Scotland,Malt
Hakushu Distiller's Reserve,8.35,0.17,5,$$$$,SingleMalt-like,GH,H,Japan,Malt
Auchentoshan Valinch,8.34,0.64,15,$$$,SingleMalt-like,GH,H,Scotland,Malt
Hazelburn 8yo (Springbank),8.34,0.41,11,$$$$,SingleMalt-like,GH,G,Scotland,Malt
Hibiki Harmony,8.34,0.48,23,$$$$,SingleMalt-like,GH,G,Japan,Blend
Ichiro's Malt Mizunara Wood Reserve (MWR),8.34,0.51,15,$$$$$,SingleMalt-like,GH,H,Japan,Malt
Tomatin Cask Strength,8.33,0.49,10,$$$$,SingleMalt-like,GH,G,Scotland,Malt
Hakushu NAS,8.32,0.36,5,$$$,SingleMalt-like,GH,H,Japan,Malt
Glenglassaugh Octaves Classic,8.31,0.31,5,$$$$,SingleMalt-like,GH,G,Scotland,Malt
Amrut Indian Single Malt,8.29,0.87,18,$$$,SingleMalt-like,GH,G,India,Malt
Glen Grant 12yo,8.29,0.49,11,$$$,SingleMalt-like,GH,H,Scotland,Malt
Glen Scotia 14yo,8.29,0.16,5,$$$,SingleMalt-like,GH,G,Scotland,Malt
Mackmyra Special 02,8.29,0.77,3,$$$$$,SingleMalt-like,GH,H,Sweden,Malt
Mannochmore 12yo (F&F),8.29,0.14,5,$$$,SingleMalt-like,GH,G,Scotland,Malt
Tamdhu 10yo,8.29,0.6,18,$$$$,SingleMalt-like,GH,H,Scotland,Malt
BenRiach 20yo,8.27,0.69,12,$$$$$,SingleMalt-like,GH,G,Scotland,Malt
Penderyn Myth,8.27,0.38,7,$$$,SingleMalt-like,GH,G,Wales,Malt
Tomintoul 16yo,8.27,0.41,19,$$$,SingleMalt-like,GH,G,Scotland,Malt
Wolfburn (NAS),8.27,0.4,10,$$$,SingleMalt-like,GH,G,Scotland,Malt
Deveron 10yo,8.26,0.77,3,$$$,SingleMalt-like,GH,H,Scotland,Malt
Glengoyne 10yo,8.26,0.33,18,$$$,SingleMalt-like,GH,G,Scotland,Malt
Arran Malt Lochranza Reserve,8.25,0.21,6,$$$,SingleMalt-like,GH,G,Scotland,Malt
Glenfiddich 1963 Original Malt,8.25,0.44,8,$$$$,SingleMalt-like,GH,G,Scotland,Malt
Hibiki Harmony Master's Select,8.25,0.67,7,$$$$$,SingleMalt-like,GH,G,Japan,Blend
High Coast (Box) Quercus I Robur,8.25,0.43,3,$$$$,SingleMalt-like,GH,G,Sweden,Malt
Highland Park Svein,8.25,0.44,12,$$$,SingleMalt-like,GH,G,Scotland,Malt
Mackinlay's Shackleton Blended Malt,8.25,0.38,8,$$$,SingleMalt-like,GH,H,Scotland,Malt
Tullibardine Vintage 1993,8.25,0.45,10,$$$,SingleMalt-like,GH,G,Scotland,Malt
Glen Breton Ice 12yo,8.24,0.25,3,$$$$,SingleMalt-like,GH,G,Canada,Malt
Glendalough 7yo Single Malt,8.24,0.31,8,$$$,SingleMalt-like,GH,G,Ireland,Malt
Balblair 12yo,8.23,0.19,7,$$$$,SingleMalt-like,GH,G,Scotland,Malt
Glen Grant 10yo,8.23,0.5,10,$$,SingleMalt-like,GH,H,Scotland,Malt
St George's Chapter 6 (unpeated),8.23,0.46,10,$$$,SingleMalt-like,GH,G,England,Malt
Bladnoch 1993-2009 (G&M),8.22,0.21,5,$$$$$,SingleMalt-like,GH,G,Scotland,Malt
Bladnoch Vintage 1992-2007 (Signatory),8.22,0.49,4,$$$$$,SingleMalt-like,GH,G,Scotland,Malt
Glen Breton Ice 10yo,8.22,0.59,8,$$$$,SingleMalt-like,GH,G,Canada,Malt
Teerenpeli 10yo,8.22,0.44,6,$$$$$,SingleMalt-like,GH,H,Finland,Malt
White Oak Akashi 5yo,8.22,0.61,9,$$$$$,SingleMalt-like,GH,G,Japan,Malt
Glenkinchie 12yo,8.2,0.27,21,$$$,SingleMalt-like,GH,G,Scotland,Malt
Highland Park Harald,8.2,0.47,13,$$$$,SingleMalt-like,GH,G,Scotland,Malt
Glenrothes Alba Reserve,8.19,0.54,10,$$$,SingleMalt-like,GH,G,Scotland,Malt
Shelter Point Classic Single Cask (KWM) Single Malt Whisky,8.18,0.43,3,$$$$,SingleMalt-like,GH,G,Canada,Malt
Tomatin Legacy,8.18,0.4,13,$$,SingleMalt-like,GH,G,Scotland,Malt
Glenlossie 10yo (F&F),8.17,0.33,9,$$$,SingleMalt-like,GH,G,Scotland,Malt
Stronachie 12yo,8.17,0.36,9,$$$,SingleMalt-like,GH,H,Scotland,Malt
Auchentoshan Virgin Oak,8.16,0.58,7,$$$$,SingleMalt-like,GH,H,Scotland,Malt
Bushmills 10yo Single Malt,8.16,0.48,24,$$$,SingleMalt-like,GH,G,Ireland,Malt
Tyrconnell Single Malt Irish Whiskey,8.16,0.47,19,$$,SingleMalt-like,GH,H,Ireland,Malt
Glenglassaugh Evolution,8.14,0.35,9,$$$,SingleMalt-like,GH,G,Scotland,Malt
Glenrothes Bourbon Cask Reserve,8.14,0.15,4,$$$,SingleMalt-like,GH,G,Scotland,Malt
Macallan Gold,8.14,0.31,20,$$$,SingleMalt-like,GH,G,Scotland,Malt
Nikka Gold & Gold,8.14,0.31,8,$$$,SingleMalt-like,GH,G,Japan,Malt
Shelter Point Artisanal Single Malt Whisky,8.14,0.5,10,$$$,SingleMalt-like,GH,G,Canada,Malt
The Quiet Man 8yo Single Malt,8.14,0.55,5,$$$,SingleMalt-like,GH,H,Ireland,Malt
Deanston Virgin Oak,8.13,0.43,17,$$,SingleMalt-like,GH,H,Scotland,Malt
Kilbeggan Irish Reserve Malt Whiskey,8.12,0.64,8,$$,SingleMalt-like,GH,G,Ireland,Malt
Cardhu Amber Rock,8.11,0.39,5,$$$,SingleMalt-like,GH,H,Scotland,Malt
Knappogue Castle Vintage,8.11,0.84,5,$$$,SingleMalt-like,GH,H,Ireland,Malt
Mackmyra Midnattssol,8.09,0.64,6,$$$$,SingleMalt-like,GH,H,Sweden,Malt
Tormore 14yo,8.09,0.42,5,$$$,SingleMalt-like,GH,G,Scotland,Malt
Glenfiddich 12yo,8.08,0.26,32,$$$,SingleMalt-like,GH,G,Scotland,Malt
Glen Spey 12yo (F&F),8.06,0.44,5,$$$,SingleMalt-like,GH,H,Scotland,Malt
Speyburn 10yo,8.06,0.33,23,$$,SingleMalt-like,GH,H,Scotland,Malt
Cardhu 12yo,8.05,0.5,21,$$$,SingleMalt-like,GH,H,Scotland,Malt
Game of Thrones House Targaryen Cardhu Gold Reserve,8.05,0.31,13,$$$$,SingleMalt-like,GH,H,Scotland,Malt
Glenturret 10yo,8.05,0.49,13,$$$,SingleMalt-like,GH,G,Scotland,Malt
Pig's Nose 5yo Blended Malt,8.05,0.36,6,$$,SingleMalt-like,GH,H,Scotland,Malt
Tullibardine Aged Oak Edition,8.02,0.42,9,$$$,SingleMalt-like,GH,G,Scotland,Malt
Glen Moray 12yo,8.01,0.31,14,$$,SingleMalt-like,GH,G,Scotland,Malt
Tomatin Cu Bocan,8.01,0.38,15,$$$$,SingleMalt-like,GH,H,Scotland,Malt
Glenrothes 10yo,7.99,0.35,5,$$$,SingleMalt-like,GH,G,Scotland,Malt
Bladnoch 16yo (Signatory),7.98,0.44,4,$$$$$,SingleMalt-like,GH,G,Scotland,Malt
Glen Breton 10yo Rare,7.98,0.55,17,$$$$,SingleMalt-like,GH,G,Canada,Malt
Lohin McKinnon Single Malt,7.97,0.37,9,$$$,SingleMalt-like,GH,H,Canada,Malt
Auchentoshan Classic,7.93,0.47,9,$$,SingleMalt-like,GH,H,Scotland,Malt
Tormore 12yo,7.93,0.42,10,$$$,SingleMalt-like,GH,G,Scotland,Malt
White Oak Akashi Single Malt (NAS),7.93,0.46,7,$$$$,SingleMalt-like,GH,G,Japan,Malt
Nantou (Omar) Yushan Blended Malt,7.9,0.39,5,$$$,SingleMalt-like,GH,G,Taiwan,Malt
Glen Moray Classic,7.89,0.4,7,$,SingleMalt-like,GH,G,Scotland,Malt
Knockando 12yo (All Vintages),7.88,0.48,12,$$,SingleMalt-like,GH,G,Scotland,Malt
Glen Grant The Major's Reserve,7.86,0.59,11,$$,SingleMalt-like,GH,H,Scotland,Malt
Tomintoul 10yo,7.86,0.51,17,$$$,SingleMalt-like,GH,G,Scotland,Malt
Speyside 12yo,7.85,0.65,10,$$,SingleMalt-like,GH,H,Scotland,Malt
Mackmyra Mack,7.83,0.54,3,$$$,SingleMalt-like,GH,H,Sweden,Malt
BenRiach Heart of Speyside,7.81,0.69,8,$$$,SingleMalt-like,GH,H,Scotland,Malt
Kirin 18yo (Fuji Sanroku),7.81,2.64,5,$$$$$+,SingleMalt-like,GH,G,Japan,Malt
Macallan Gold Double Cask,7.81,0.51,3,$$$,SingleMalt-like,GH,G,Scotland,Malt
Auchentoshan American Oak,7.77,0.75,12,$$,SingleMalt-like,GH,H,Scotland,Malt
Auchentoshan 10yo,7.74,0.37,10,$$$,SingleMalt-like,GH,H,Scotland,Malt
Loch Lomond NAS,7.69,0.43,14,$,SingleMalt-like,GH,H,Scotland,Malt
Glen Breton 14yo,7.68,1.04,7,$$$$,SingleMalt-like,GH,G,Canada,Malt
Tamnavulin 12yo,7.68,0.79,4,$$,SingleMalt-like,GH,H,Scotland,Malt
Tullibardine Sovereign,7.53,2.1,10,$$$,SingleMalt-like,GH,G,Scotland,Malt
McClelland's Highland Single Malt,7.05,0.65,7,$$,SingleMalt-like,GH,G,Scotland,Malt
Mackmyra Sweden Rock (2015),7.03,1.28,3,$$$$$,SingleMalt-like,GH,H,Sweden,Malt
McClelland's Lowland Single Malt,6.89,0.58,4,$$,SingleMalt-like,GH,H,Scotland,Malt
Port Ellen 2nd release 24yo 59.35%,9.51,0.23,7,$$$$$+,SingleMalt-like,I,I,Scotland,Malt
Port Ellen 9th release 30yo,9.48,0.12,5,$$$$$+,SingleMalt-like,I,I,Scotland,Malt
Caol Ila 35yo,9.41,0.22,4,$$$$$+,SingleMalt-like,I,I,Scotland,Malt
Port Ellen 14th release 35yo,9.4,0.12,3,$$$$$+,SingleMalt-like,I,I,Scotland,Malt
Port Ellen 10th release 31yo,9.38,0.54,5,$$$$$+,SingleMalt-like,I,I,Scotland,Malt
Port Ellen 15th release 32yo,9.37,0.47,3,$$$$$+,SingleMalt-like,I,I,Scotland,Malt
Port Ellen 11th release 32yo,9.34,0.46,6,$$$$$+,SingleMalt-like,I,I,Scotland,Malt
Port Ellen 7th release 28yo,9.33,0.33,4,$$$$$+,SingleMalt-like,I,I,Scotland,Malt
Talisker 35yo,9.33,0.33,3,$$$$$+,SingleMalt-like,I,I,Scotland,Malt
Port Ellen (all OB releases),9.32,0.31,19,$$$$$+,SingleMalt-like,I,I,Scotland,Malt
Caol Ila 30yo,9.3,0.25,14,$$$$$+,SingleMalt-like,I,I,Scotland,Malt
Port Ellen 16th release 37yo,9.22,0.37,3,$$$$$+,SingleMalt-like,I,I,Scotland,Malt
Port Ellen 6th release 27yo,9.22,0.16,7,$$$$$+,SingleMalt-like,I,I,Scotland,Malt
Talisker 30yo,9.22,0.33,14,$$$$$+,SingleMalt-like,I,I,Scotland,Malt
Port Ellen 3rd release 24yo,9.21,0.22,9,$$$$$+,SingleMalt-like,I,I,Scotland,Malt
Port Ellen 4th release 25yo,9.2,0.13,5,$$$$$+,SingleMalt-like,I,I,Scotland,Malt
Port Ellen 17th release 37yo,9.18,0.7,3,$$$$$+,SingleMalt-like,I,I,Scotland,Malt
Ledaig 19yo 1998 Pedro Ximénez Finish,9.14,0.3,5,$$$$$,SingleMalt-like,I,I,Scotland,Malt
Springbank 16yo Local Barley,9.13,0.22,15,$$$$$,SingleMalt-like,I,I,Scotland,Malt
Ledaig 42yo,9.1,0.49,3,$$$$$+,SingleMalt-like,I,I,Scotland,Malt
Talisker 18yo,9.09,0.22,25,$$$$$,SingleMalt-like,I,I,Scotland,Malt
Port Ellen 12th release 32yo,9.06,0.51,10,$$$$$+,SingleMalt-like,I,I,Scotland,Malt
Compass Box Flaming Heart 2008 2nd Edition,9.05,0.27,4,$$$$$,SingleMalt-like,I,I,Scotland,Malt
Compass Box Flaming Heart 2015 5th Edition - 15th Anniversary,9.05,0.32,22,$$$$$,SingleMalt-like,I,I,Scotland,Malt
Springbank 11yo Local Barley,9.05,0.2,12,$$$$$,SingleMalt-like,I,I,Scotland,Malt
Compass Box Flaming Heart 2018 6th Edition,9.03,0.27,8,$$$$$,SingleMalt-like,I,I,Scotland,Malt
Highland Park Sigurd,8.98,0.35,8,$$$$$,SingleMalt-like,I,I,Scotland,Malt
Ledaig 13yo Amontillado Cask Finish,8.98,0.2,12,$$$$,SingleMalt-like,I,I,Scotland,Malt
Nikka Yoichi 15yo,8.98,0.24,19,$$$$$,SingleMalt-like,I,I,Japan,Malt
Two Brewers Release 07 Peated,8.98,0.28,7,$$$$,SingleMalt-like,I,I,Canada,Malt
Bruichladdich Port Charlotte 2010 MRC:01,8.97,0.19,12,$$$$$,SingleMalt-like,I,I,Scotland,Malt
Compass Box Flaming Heart (all editions),8.97,0.29,30,$$$$$,SingleMalt-like,I,I,Scotland,Malt
Bruichladdich Port Charlotte PC10 Tro Na Linntean,8.96,0.39,12,$$$$$,SingleMalt-like,I,I,Scotland,Malt
Tomatin Cu Bocan 1989 Limited Edition,8.96,0.34,4,$$$$$+,SingleMalt-like,I,I,Scotland,Malt
Glen Garioch 1994,8.95,0.41,8,$$$$,SingleMalt-like,I,I,Scotland,Malt
Kilchoman Bourbon Single Cask,8.95,0.25,15,$$$$,SingleMalt-like,I,I,Scotland,Malt
Port Ellen Douglas Laing McGibbon's Provenance John Milroy 23yo 1982-2005,8.95,0.13,3,$$$$$+,SingleMalt-like,I,I,Scotland,Malt
Springbank 18yo,8.95,0.22,25,$$$$$,SingleMalt-like,I,I,Scotland,Malt
Talisker 25yo,8.94,0.29,21,$$$$$+,SingleMalt-like,I,I,Scotland,Malt
Bruichladdich Port Charlotte 2007 CC:01,8.93,0.28,18,$$$$$,SingleMalt-like,I,I,Scotland,Malt
Compass Box Flaming Heart 2010 3rd Edition - 10th Anniversary,8.93,0.3,10,$$$$$,SingleMalt-like,I,I,Scotland,Malt
Glen Garioch 1991,8.93,0.23,3,$$$$,SingleMalt-like,I,I,Scotland,Malt
Bruichladdich Port Charlotte PC11 Eorna Na H-Alba,8.92,0.25,6,$$$$$,SingleMalt-like,I,I,Scotland,Malt
Kilkerran 8yo Cask Strength,8.92,0.23,14,$$$$,SingleMalt-like,I,I,Scotland,Malt
Oban 21yo,8.92,0.18,5,$$$$$+,SingleMalt-like,I,I,Scotland,Malt
Port Ellen 8th release 29yo,8.92,0.48,8,$$$$$+,SingleMalt-like,I,I,Scotland,Malt
Talisker 57 North,8.92,0.26,22,$$$$,SingleMalt-like,I,I,Scotland,Malt
BenRiach 21yo Authenticus Peated,8.91,0.35,16,$$$$$,SingleMalt-like,I,I,Scotland,Malt
Caol Ila 25yo,8.91,0.18,13,$$$$$,SingleMalt-like,I,I,Scotland,Malt
Compass Box Flaming Heart 2012 4th Edition,8.91,0.31,18,$$$$$,SingleMalt-like,I,I,Scotland,Malt
Kavalan Distillery Reserve Peaty Cask,8.9,0.38,7,$$$$$+,SingleMalt-like,I,I,Taiwan,Malt
Talisker Distiller's Edition (all editions),8.9,0.23,29,$$$$,SingleMalt-like,I,I,Scotland,Malt
Glen Garioch 1995,8.89,0.36,12,$$$$,SingleMalt-like,I,I,Scotland,Malt
Compass Box The Lost Blend,8.88,0.26,17,$$$$$,SingleMalt-like,I,I,Scotland,Malt
High Coast (Box) Hav,8.88,0.28,3,$$$$,SingleMalt-like,I,I,Sweden,Malt
Bowmore Vault Edition Second Release,8.87,0.14,3,$$$$$,SingleMalt-like,I,I,Scotland,Malt
Bruichladdich Port Charlotte PC12 Oileanach Furachail,8.87,0.43,13,$$$$$,SingleMalt-like,I,I,Scotland,Malt
Talisker 8yo (Special Releases),8.87,0.32,8,$$$$$,SingleMalt-like,I,I,Scotland,Malt
Wemyss Malts The Rockpool,8.87,0.28,3,$$$,SingleMalt-like,I,I,Scotland,Malt
Bladnoch 9yo Lightly Peated,8.86,0.65,4,$$$$$,SingleMalt-like,I,I,Scotland,Malt
Bruichladdich Port Charlotte 10yo Heavily Peated (Second Edition),8.85,0.36,12,$$$$,SingleMalt-like,I,I,Scotland,Malt
Talisker 15yo (Special Release 2019),8.85,0.29,13,$$$$$,SingleMalt-like,I,I,Scotland,Malt
Bruichladdich Port Charlotte PC10 (Second Edition),8.84,0.19,7,$$$$,SingleMalt-like,I,I,Scotland,Malt
Spirit of Hven Seven Stars No. 5 Alioth,8.84,0.27,3,$$$$$,SingleMalt-like,I,I,Sweden,Malt
BenRiach 25yo Authenticus Peated,8.83,0.51,13,$$$$$,SingleMalt-like,I,I,Scotland,Malt
Bowmore Mizunara Cask Finish,8.83,0.47,3,$$$$$+,SingleMalt-like,I,I,Scotland,Malt
Dun Bheagan Islay 2009,8.83,0.21,3,$$,SingleMalt-like,I,I,Scotland,Malt
Ledaig 19yo Marsala Finish,8.83,0.32,8,$$$$$,SingleMalt-like,I,I,Scotland,Malt
Talisker 10yo,8.82,0.22,31,$$$$,SingleMalt-like,I,I,Scotland,Malt
Glenlivet Nadurra Peated Cask Finish,8.81,0.25,4,$$$$,SingleMalt-like,I,I,Scotland,Malt
Port Ellen Douglas Laing McGibbon's Provenance John Milroy 23yo (all editions),8.8,0.33,6,$$$$$+,SingleMalt-like,I,I,Scotland,Malt
Bruichladdich Port Charlotte 2010 OLC:01 9yo,8.78,0.24,3,$$$$$,SingleMalt-like,I,I,Scotland,Malt
Hakushu Single Malt Heavily Peated,8.78,0.32,12,$$$$$+,SingleMalt-like,I,I,Japan,Malt
Two Brewers Release 19 Peated,8.78,0.39,6,$$$$,SingleMalt-like,I,I,Canada,Malt
Bowmore 10yo Tempest,8.77,0.24,21,$$$$,SingleMalt-like,I,I,Scotland,Malt
Bruichladdich Infinity Third Edition,8.77,0.28,5,$$$$$,SingleMalt-like,I,I,Scotland,Malt
Bruichladdich Port Charlotte 10yo Heavily Peated (First Edition),8.77,0.22,9,$$$$,SingleMalt-like,I,I,Scotland,Malt
Highland Park 12yo (reviews pre-2014),8.77,0.23,22,$$$,SingleMalt-like,I,I,Scotland,Malt
Oban 18yo,8.77,0.21,17,$$$$$,SingleMalt-like,I,I,Scotland,Malt
Westland Peat Week,8.77,0.26,7,$$$$,SingleMalt-like,I,I,USA,Malt
Nikka Yoichi 12yo,8.76,0.2,9,$$$$$,SingleMalt-like,I,I,Japan,Malt
Caol Ila 18yo,8.75,0.5,21,$$$$$,SingleMalt-like,I,I,Scotland,Malt
Game of Thrones House Greyjoy Talisker Select Reserve,8.75,0.38,10,$$$$,SingleMalt-like,I,I,Scotland,Malt
Springbank 12yo Green,8.75,0.32,8,$$$$,SingleMalt-like,I,I,Scotland,Malt
Bruichladdich Port Charlotte An Turas Mor,8.74,0.27,13,$$$$,SingleMalt-like,I,I,Scotland,Malt
Nikka Pure Malt Black,8.74,0.25,17,$$$,SingleMalt-like,I,I,Japan,Malt
Ben Nevis Celebrated Traditional (NAS),8.73,0.19,5,$$,SingleMalt-like,I,I,Scotland,Malt
Caol Ila 12yo,8.72,0.18,25,$$$$,SingleMalt-like,I,I,Scotland,Malt
GlenDronach Peated Port Wood,8.72,0.32,4,$$$,SingleMalt-like,I,I,Scotland,Malt
Port Ellen 2nd release 24yo 54.3%,8.72,0.73,3,$$$$$+,SingleMalt-like,I,I,Scotland,Malt
Springbank 10yo,8.72,0.28,28,$$$$,SingleMalt-like,I,I,Scotland,Malt
Highland Park 15yo Freya,8.71,0.4,15,$$$$$+,SingleMalt-like,I,I,Scotland,Malt
Bruichladdich Port Charlotte Scottish Barley Heavily Peated,8.7,0.26,23,$$$$,SingleMalt-like,I,I,Scotland,Malt
Kilchoman Sanaig,8.7,0.25,23,$$$$,SingleMalt-like,I,I,Scotland,Malt
Paul John Peated Select Cask,8.7,0.29,11,$$$$,SingleMalt-like,I,I,India,Malt
Two Brewers Peated (all releases),8.7,0.38,8,$$$$,SingleMalt-like,I,I,Canada,Malt
Two Brewers Release 25 Peated,8.7,0.38,3,$$$$,SingleMalt-like,I,I,Canada,Malt
Glenglassaugh Torfa,8.69,0.32,7,$$$,SingleMalt-like,I,I,Scotland,Malt
Highland Park 17yo Ice,8.69,0.3,10,$$$$$+,SingleMalt-like,I,I,Scotland,Malt
Nikka Pure Malt White,8.69,0.35,13,$$$,SingleMalt-like,I,I,Japan,Malt
Spirit of Hven Tycho’s Star,8.69,0.29,6,$$$$,SingleMalt-like,I,I,Sweden,Malt
Compass Box Lady Luck,8.68,0.42,6,$$$$$,SingleMalt-like,I,I,Scotland,Malt
Paul John Bold,8.68,0.27,6,$$$,SingleMalt-like,I,I,India,Malt
Big Peat (Douglas Laing),8.66,0.27,21,$$$$,SingleMalt-like,I,I,Scotland,Malt
Kilchoman Sauternes Cask Matured,8.66,0.15,10,$$$$,SingleMalt-like,I,I,Scotland,Malt
Nikka Miyagikyo 15yo,8.66,0.27,13,$$$$$,SingleMalt-like,I,I,Japan,Malt
Edradour Ballechin 10yo,8.65,0.54,8,$$$,SingleMalt-like,I,I,Scotland,Malt
Nikka Yoichi 10yo,8.64,0.28,20,$$$$,SingleMalt-like,I,I,Japan,Malt
Highland Park 12yo (all reviews),8.63,0.22,33,$$$,SingleMalt-like,I,I,Scotland,Malt
BenRiach 10yo Curiositas,8.62,0.3,22,$$$,SingleMalt-like,I,I,Scotland,Malt
Benromach 10yo,8.62,0.33,31,$$$,SingleMalt-like,I,I,Scotland,Malt
Bruichladdich Islay Barley (all vintages),8.62,0.2,20,$$$$,SingleMalt-like,I,I,Scotland,Malt
Lohin McKinnon Peated,8.62,0.48,3,$$$,SingleMalt-like,I,I,Canada,Malt
Longrow 7yo Gaja Barolo Finish,8.62,0.53,9,$$$$,SingleMalt-like,I,I,Scotland,Malt
Balvenie 14yo Peat Week,8.6,0.33,15,$$$$$,SingleMalt-like,I,I,Scotland,Malt
Mackmyra Svensk Rök,8.6,0.32,5,$$$$,SingleMalt-like,I,I,Sweden,Malt
Talisker Dark Storm,8.6,0.2,13,$$$,SingleMalt-like,I,I,Scotland,Malt
Bowmore 17yo White Sands,8.59,0.32,7,$$$$,SingleMalt-like,I,I,Scotland,Malt
Compass Box Eleuthera,8.59,0.39,16,$$$$,SingleMalt-like,I,I,Scotland,Malt
GlenDronach Peated,8.59,0.29,17,$$$,SingleMalt-like,I,I,Scotland,Malt
Highland Park 12yo Viking Honour (post-2017),8.59,0.34,11,$$$,SingleMalt-like,I,I,Scotland,Malt
Port Ellen Douglas Laing McGibbon's Provenance John Milroy 23yo 1978-2001,8.59,0.43,3,$$$$$+,SingleMalt-like,I,I,Scotland,Malt
Talisker Storm,8.59,0.26,24,$$$$,SingleMalt-like,I,I,Scotland,Malt
Arran Malt Machrie Moor Cask Strength,8.57,0.65,7,$$$$,SingleMalt-like,I,I,Scotland,Malt
Dun Bheagan Islay (all vintage editions),8.57,0.33,7,$$,SingleMalt-like,I,I,Scotland,Malt
Game of Thrones The Night’s Watch Oban Bay Reserve,8.57,0.31,11,$$$$,SingleMalt-like,I,I,Scotland,Malt
Mars Kogamatake The Revival 2011,8.57,0.46,5,$$$$$,SingleMalt-like,I,I,Japan,Malt
Nikka Yoichi NAS,8.57,0.3,15,$$$$,SingleMalt-like,I,I,Japan,Malt
Westland Peated,8.57,0.44,14,$$$$,SingleMalt-like,I,I,USA,Malt
Bowmore 15yo Mariner,8.56,0.48,8,$$$$$,SingleMalt-like,I,I,Scotland,Malt
Bowmore 18yo,8.56,0.42,26,$$$$,SingleMalt-like,I,I,Scotland,Malt
Bowmore Vault Edition First Release,8.56,0.32,15,$$$$$,SingleMalt-like,I,I,Scotland,Malt
Kilchoman Coull Point,8.56,0.34,10,$$$$$,SingleMalt-like,I,I,Scotland,Malt
"Elements of Islay ""Peat""",8.55,0.83,6,$$$,SingleMalt-like,I,I,Scotland,Malt
Paul John Edited,8.55,0.41,10,$$$,SingleMalt-like,I,I,India,Malt
BenRiach Peated Quarter Casks,8.53,0.39,4,$$$$,SingleMalt-like,I,I,Scotland,Malt
Nikka Miyagikyo 12yo,8.52,0.31,8,$$$$,SingleMalt-like,I,I,Japan,Malt
Glenfiddich Vintage Cask,8.51,0.28,7,$$$$,SingleMalt-like,I,I,Scotland,Malt
Nikka Miyagikyo 10yo,8.51,0.35,10,$$$$,SingleMalt-like,I,I,Japan,Malt
High Coast (Box) Early Days (batches 01/02),8.5,0.3,3,$$$$,SingleMalt-like,I,I,Sweden,Malt
Spirit of Hven Seven Stars No. 2 Merak,8.5,0.35,4,$$$$$,SingleMalt-like,I,I,Sweden,Malt
Two Brewers Release 03 Peated,8.5,0.49,8,$$$$,SingleMalt-like,I,I,Canada,Malt
Highland Park 12yo (reviews 2014-2017),8.49,0.43,19,$$$,SingleMalt-like,I,I,Scotland,Malt
Ledaig 10yo,8.49,0.4,30,$$$,SingleMalt-like,I,I,Scotland,Malt
Ardmore Traditional Cask,8.48,0.23,26,$$$,SingleMalt-like,I,I,Scotland,Malt
Oban 14yo,8.48,0.38,30,$$$$,SingleMalt-like,I,I,Scotland,Malt
High Coast (Box) Dalvve,8.45,0.25,10,$$$$,SingleMalt-like,I,I,Sweden,Malt
Spirit of Hven Seven Stars No. 3 Phecda,8.45,0.39,3,$$$$$,SingleMalt-like,I,I,Sweden,Malt
Dun Bheagan Islay 1999,8.42,0.24,3,$$,SingleMalt-like,I,I,Scotland,Malt
Glen Garioch 1997,8.42,0.24,7,$$$$,SingleMalt-like,I,I,Scotland,Malt
Teerenpeli Suomi 100 Juhlaviski,8.42,0.71,4,$$$$,SingleMalt-like,I,I,Finland,Malt
Oban Little Bay,8.41,0.35,17,$$$$,SingleMalt-like,I,I,Scotland,Malt
Glenfiddich Fire & Cane Experimental Series No. 4,8.4,0.45,15,$$$,SingleMalt-like,I,I,Scotland,Malt
Highland Park 10yo (all reviews),8.39,0.41,18,$$$,SingleMalt-like,I,I,Scotland,Malt
Bowmore 12yo,8.38,0.3,23,$$$,SingleMalt-like,I,I,Scotland,Malt
Bowmore 17yo,8.38,0.66,8,$$$$$,SingleMalt-like,I,I,Scotland,Malt
Wemyss Malts Peat Chimney,8.37,0.4,16,$$$,SingleMalt-like,I,I,Scotland,Malt
Fettercairn Fior,8.36,0.31,7,$$$,SingleMalt-like,I,I,Scotland,Malt
Glen Moray Classic Peated,8.36,0.29,6,$$,SingleMalt-like,I,I,Scotland,Malt
Glenglassaugh Octaves Peated,8.35,0.59,3,$$$$,SingleMalt-like,I,I,Scotland,Malt
Glen Scotia 12yo,8.34,0.39,10,$$$$,SingleMalt-like,I,I,Scotland,Malt
Bowmore No.1,8.33,0.42,6,$$$,SingleMalt-like,I,I,Scotland,Malt
Benromach Sassicaia,8.32,0.31,9,$$$$,SingleMalt-like,I,I,Scotland,Malt
Bowmore Gold Reef,8.31,0.35,11,$$,SingleMalt-like,I,I,Scotland,Malt
Highland Park 10yo Viking Scars,8.31,0.66,5,$$$,SingleMalt-like,I,I,Scotland,Malt
Penderyn Peated,8.29,0.63,9,$$$$,SingleMalt-like,I,I,Wales,Malt
Jura Superstition,8.28,0.45,26,$$$,SingleMalt-like,I,I,Scotland,Malt
Springbank CV,8.28,0.41,10,$$$,SingleMalt-like,I,I,Scotland,Malt
Penderyn Celt,8.27,0.77,7,$$$,SingleMalt-like,I,I,Wales,Malt
BenRiach Birnie Moss,8.24,0.35,11,$$$,SingleMalt-like,I,I,Scotland,Malt
Spirit of Hven Seven Stars No. 1 Dubhe,8.22,0.41,3,$$$$$,SingleMalt-like,I,I,Sweden,Malt
Bowmore Small Batch,8.2,0.53,14,$$$,SingleMalt-like,I,I,Scotland,Malt
Glenrothes Peated Cask Reserve,8.2,0.66,4,$$$,SingleMalt-like,I,I,Scotland,Malt
Connemara Peated Single Malt,8.18,0.29,20,$$$,SingleMalt-like,I,I,Ireland,Malt
St George's Chapter 9 (peated),8.17,0.52,5,$$$,SingleMalt-like,I,I,England,Malt
Bruichladdich 8yo Laddie Eight,8.16,0.68,4,$$$$,SingleMalt-like,I,I,Scotland,Malt
Highland Park Einar,8.14,0.58,10,$$$,SingleMalt-like,I,I,Scotland,Malt
Old Ballantruan Peated (Toumintoul),8.1,0.59,10,$$$$,SingleMalt-like,I,I,Scotland,Malt
Arran Malt Machrie Moor Peated (all editions),8.06,0.57,17,$$$$,SingleMalt-like,I,I,Scotland,Malt
Jura 10yo Origin,7.95,0.35,21,$$$,SingleMalt-like,I,I,Scotland,Malt
Matsui The Peated,7.9,1.11,5,$$$$,SingleMalt-like,I,I,Japan,Malt
Glenfiddich 12yo Caoran Reserve,7.83,0.49,8,$$$$$,SingleMalt-like,I,I,Scotland,Malt
Bowmore Legend,7.63,0.63,11,$$,SingleMalt-like,I,I,Scotland,Malt
Longrow 10yo Tokaji Finish,7.42,1.07,6,$$$$$,SingleMalt-like,I,I,Scotland,Malt
Brora 35yo,9.43,0.3,13,$$$$$+,SingleMalt-like,J,J,Scotland,Malt
Brora 30yo,9.39,0.27,20,$$$$$+,SingleMalt-like,J,J,Scotland,Malt
Ardbeg 23yo Twenty Something,9.29,0.17,8,$$$$$+,SingleMalt-like,J,J,Scotland,Malt
Ardbeg Uigeadail,9.19,0.37,31,$$$$,SingleMalt-like,J,J,Scotland,Malt
Bruichladdich Octomore 10 (Third Edition),9.17,0.2,5,$$$$$,SingleMalt-like,J,J,Scotland,Malt
Ardbeg 21yo,9.16,0.26,15,$$$$$+,SingleMalt-like,J,J,Scotland,Malt
Laphroaig 21yo,9.13,0.38,13,$$$$$+,SingleMalt-like,J,J,Scotland,Malt
Ardbeg 19yo Traigh Bhan,9.1,0.22,10,$$$$$+,SingleMalt-like,J,J,Scotland,Malt
Lagavulin 16yo,9.1,0.35,34,$$$$,SingleMalt-like,J,J,Scotland,Malt
Kavalan Solist Peaty Cask,9.09,0.13,7,$$$$$+,SingleMalt-like,J,J,Taiwan,Malt
Laphroaig Cairdeas 2015,9.09,0.23,13,$$$$,SingleMalt-like,J,J,Scotland,Malt
Bruichladdich Octomore 6.2,9.08,0.18,12,$$$$$,SingleMalt-like,J,J,Scotland,Malt
Bruichladdich Octomore 7.3,9.08,0.46,15,$$$$$,SingleMalt-like,J,J,Scotland,Malt
Lagavulin 12yo Cask Strength,9.08,0.18,29,$$$$$,SingleMalt-like,J,J,Scotland,Malt
Ardbeg Supernova 2014,9.07,0.32,15,$$$$$+,SingleMalt-like,J,J,Scotland,Malt
Bruichladdich Octomore 8.3,9.07,0.19,13,$$$$$,SingleMalt-like,J,J,Scotland,Malt
Bruichladdich Octomore 9.3,9.07,0.25,13,$$$$$,SingleMalt-like,J,J,Scotland,Malt
Ardbeg Corryvreckan,9.06,0.33,28,$$$$,SingleMalt-like,J,J,Scotland,Malt
Amrut Peated Cask Strength,9.05,0.28,18,$$$$,SingleMalt-like,J,J,India,Malt
Amrut Portpipe Peated Single Cask #4668 (2017),9.04,0.24,3,$$$$,SingleMalt-like,J,J,India,Malt
Ardbeg Alligator,9.04,0.18,18,$$$$$+,SingleMalt-like,J,J,Scotland,Malt
"Smogen 8yo (4,8-10/2011)",9.04,0.31,3,$$$$$,SingleMalt-like,J,J,Sweden,Malt
Bruichladdich Octomore 8.2,9.03,0.2,9,$$$$$,SingleMalt-like,J,J,Scotland,Malt
Ardbeg 22yo Twenty Something,9.02,0.16,4,$$$$$+,SingleMalt-like,J,J,Scotland,Malt
Ardbeg Ardbog,9.02,0.4,25,$$$$$,SingleMalt-like,J,J,Scotland,Malt
Compass Box No Name,9.02,0.3,17,$$$$$,SingleMalt-like,J,J,Scotland,Malt
Lagavulin Distiller's Edition (All Vintages),9.02,0.26,26,$$$$$,SingleMalt-like,J,J,Scotland,Malt
Ardbeg Supernova 2015,9.01,0.32,8,$$$$$+,SingleMalt-like,J,J,Scotland,Malt
Bruichladdich Octomore 12.3,9.01,0.17,3,$$$$$,SingleMalt-like,J,J,Scotland,Malt
Kilchoman 2008 Vintage,9.01,0.17,7,$$$$,SingleMalt-like,J,J,Scotland,Malt
Laphroaig 18yo,9.01,0.26,25,$$$$$,SingleMalt-like,J,J,Scotland,Malt
Longrow 18yo,9.01,0.3,18,$$$$$,SingleMalt-like,J,J,Scotland,Malt
Bruichladdich Octomore 7.1,9.0,0.28,17,$$$$$,SingleMalt-like,J,J,Scotland,Malt
Compass Box No Name (all editions),9.0,0.3,17,$$$$$,SingleMalt-like,J,J,Scotland,Malt
Bruichladdich Octomore 10 (Second Edition),8.99,0.25,13,$$$$$,SingleMalt-like,J,J,Scotland,Malt
Compass Box Peat Monster 2014 - 10th Anniversary,8.99,0.29,12,$$$,SingleMalt-like,J,J,Scotland,Malt
Laphroaig Cairdeas 2019 Triple Wood Cask Strength,8.99,0.18,9,$$$$,SingleMalt-like,J,J,Scotland,Malt
Bruichladdich Octomore 10.2,8.98,0.23,5,$$$$$,SingleMalt-like,J,J,Scotland,Malt
Ichiro's Malt Chichibu The Peated,8.98,0.35,12,$$$$$+,SingleMalt-like,J,J,Japan,Malt
Bruichladdich Octomore 8.4,8.97,0.09,4,$$$$$,SingleMalt-like,J,J,Scotland,Malt
Laphroaig Cairdeas 2014 Amontillado,8.97,0.2,14,$$$$,SingleMalt-like,J,J,Scotland,Malt
Smogen Single Cask (all editions),8.97,0.11,5,$$$$$,SingleMalt-like,J,J,Sweden,Malt
Smogen Single Cask 4yo 7/2011,8.97,0.21,4,$$$$$,SingleMalt-like,J,J,Sweden,Malt
Ardbeg 17yo,8.96,0.34,8,$$$$$+,SingleMalt-like,J,J,Scotland,Malt
Kilchoman 2009 Vintage,8.96,0.11,4,$$$$,SingleMalt-like,J,J,Scotland,Malt
Kilchoman Original Cask Strength,8.96,0.39,9,$$$$,SingleMalt-like,J,J,Scotland,Malt
Laphroaig Quarter Cask,8.96,0.3,30,$$$$,SingleMalt-like,J,J,Scotland,Malt
Amrut Portpipe Peated Single Cask #2712 (2013),8.95,0.1,3,$$$$,SingleMalt-like,J,J,India,Malt
AnCnoc Cutter,8.95,0.45,10,$$$$,SingleMalt-like,J,J,Scotland,Malt
Kilchoman 2007 Vintage,8.94,0.31,9,$$$$,SingleMalt-like,J,J,Scotland,Malt
Laphroaig 10yo Cask Strength (all batches),8.94,0.58,30,$$$$,SingleMalt-like,J,J,Scotland,Malt
Bruichladdich Octomore 10,8.93,0.35,6,$$$$$+,SingleMalt-like,J,J,Scotland,Malt
Bruichladdich Octomore 11.3,8.93,0.31,8,$$$$$,SingleMalt-like,J,J,Scotland,Malt
Compass Box Peat Monster 2008 Reserve Edition,8.93,0.19,3,$$$,SingleMalt-like,J,J,Scotland,Malt
Bruichladdich Octomore 10 (Fourth Edition),8.92,0.07,3,$$$$$,SingleMalt-like,J,J,Scotland,Malt
High Coast (Box) The Festival 2014,8.91,0.09,3,$$$$$,SingleMalt-like,J,J,Sweden,Malt
Ardbeg Dark Cove,8.9,0.28,24,$$$$$,SingleMalt-like,J,J,Scotland,Malt
Bruichladdich Octomore 7.2,8.89,0.44,14,$$$$$,SingleMalt-like,J,J,Scotland,Malt
Amrut 100 Peated,8.88,0.34,7,$$$$,SingleMalt-like,J,J,India,Malt
AnCnoc Rutter,8.88,0.33,8,$$$$,SingleMalt-like,J,J,Scotland,Malt
Ardbeg 10yo,8.88,0.35,30,$$$,SingleMalt-like,J,J,Scotland,Malt
Brora 21yo,8.88,0.43,4,$$$$$+,SingleMalt-like,J,J,Scotland,Malt
Ardbeg Grooves,8.87,0.24,19,$$$$$,SingleMalt-like,J,J,Scotland,Malt
Bruichladdich Octomore 11.1,8.87,0.17,8,$$$$$,SingleMalt-like,J,J,Scotland,Malt
Compass Box No Name No. 2,8.87,0.15,7,$$$$$,SingleMalt-like,J,J,Scotland,Malt
Bruichladdich Octomore 8.1,8.86,0.14,15,$$$$$,SingleMalt-like,J,J,Scotland,Malt
Ardbeg Supernova 2019,8.85,0.23,6,$$$$$+,SingleMalt-like,J,J,Scotland,Malt
Bruichladdich Octomore 12.1,8.85,0.21,4,$$$$$,SingleMalt-like,J,J,Scotland,Malt
Lagavulin 8yo,8.85,0.25,27,$$$$,SingleMalt-like,J,J,Scotland,Malt
Laphroaig Cairdeas 2018 Fino,8.85,0.24,11,$$$$,SingleMalt-like,J,J,Scotland,Malt
Compass Box Monster 2004,8.84,0.34,3,$$$,SingleMalt-like,J,J,Scotland,Malt
Laphroaig Cairdeas 2016 Madeira,8.83,0.41,17,$$$$,SingleMalt-like,J,J,Scotland,Malt
Ardbeg Auriverdes,8.82,0.38,20,$$$$$,SingleMalt-like,J,J,Scotland,Malt
Bruichladdich Octomore 6.3,8.82,0.62,12,$$$$$,SingleMalt-like,J,J,Scotland,Malt
Laphroaig An Cuan Mor,8.82,0.23,18,$$$$,SingleMalt-like,J,J,Scotland,Malt
Wemyss Malts Kiln Embers,8.82,0.18,4,$$$,SingleMalt-like,J,J,Scotland,Malt
Bruichladdich Octomore 12.2,8.81,0.46,4,$$$$$,SingleMalt-like,J,J,Scotland,Malt
Ardbeg An Oa,8.8,0.26,20,$$$$,SingleMalt-like,J,J,Scotland,Malt
Bruichladdich Octomore 10.3,8.8,0.34,5,$$$$$,SingleMalt-like,J,J,Scotland,Malt
BenRiach 18yo Dunder,8.79,0.28,5,$$$$$,SingleMalt-like,J,J,Scotland,Malt
Bruichladdich Octomore 6.1,8.79,0.3,21,$$$$$,SingleMalt-like,J,J,Scotland,Malt
Bruichladdich Port Charlotte Islay Barley Heavily Peated,8.79,0.18,9,$$$$,SingleMalt-like,J,J,Scotland,Malt
Longrow CV,8.79,0.33,18,$$$,SingleMalt-like,J,J,Scotland,Malt
Ardbeg Kelpie,8.78,0.18,15,$$$$$,SingleMalt-like,J,J,Scotland,Malt
Bunnahabhain Ceòbanach,8.78,0.24,17,$$$$,SingleMalt-like,J,J,Scotland,Malt
Laphroaig 10yo,8.78,0.29,29,$$$,SingleMalt-like,J,J,Scotland,Malt
Ardbeg Perpetuum,8.77,0.4,19,$$$$$,SingleMalt-like,J,J,Scotland,Malt
Compass Box Peat Monster 2015 Cask Strength,8.77,0.31,5,$$$$,SingleMalt-like,J,J,Scotland,Malt
Game of Thrones House Lannister Lagavulin 9yo,8.77,0.21,18,$$$$,SingleMalt-like,J,J,Scotland,Malt
Kilchoman Machir Bay (all vintages),8.77,0.24,30,$$$$,SingleMalt-like,J,J,Scotland,Malt
Laphroaig 15yo (200th Anniversary),8.77,0.33,18,$$$$,SingleMalt-like,J,J,Scotland,Malt
Amrut Portpipe Peated Single Cask (all casks),8.75,0.43,16,$$$$,SingleMalt-like,J,J,India,Malt
Bruichladdich Octomore 10.4,8.75,0.63,7,$$$$$,SingleMalt-like,J,J,Scotland,Malt
Two Brewers Release 12 Peated,8.75,0.48,5,$$$$,SingleMalt-like,J,J,Canada,Malt
Amrut Portpipe Peated Single Cask #2713 (2013),8.74,0.15,4,$$$$,SingleMalt-like,J,J,India,Malt
Connemara Turf Mor,8.74,0.46,11,$$$$,SingleMalt-like,J,J,Ireland,Malt
Longrow Peated,8.74,0.2,20,$$$,SingleMalt-like,J,J,Scotland,Malt
Bruichladdich Octomore 9.1,8.73,0.33,11,$$$$$,SingleMalt-like,J,J,Scotland,Malt
Compass Box Peat Monster (all editions),8.73,0.25,27,$$$,SingleMalt-like,J,J,Scotland,Malt
Kilchoman 100% Islay (all editions),8.73,0.24,23,$$$$,SingleMalt-like,J,J,Scotland,Malt
Lagavulin 11yo Offerman Edition,8.73,0.27,9,$$$$$,SingleMalt-like,J,J,Scotland,Malt
Bunnahabhain Toiteach A Dha,8.72,0.33,10,$$$$,SingleMalt-like,J,J,Scotland,Malt
Big Peat Christmas Edition (all editions),8.71,0.35,15,$$$$,SingleMalt-like,J,J,Scotland,Malt
Bruichladdich Octomore 7.4,8.71,0.6,13,$$$$$,SingleMalt-like,J,J,Scotland,Malt
Compass Box Peat Monster 2005,8.71,0.09,4,$$$,SingleMalt-like,J,J,Scotland,Malt
Compass Box Peat Monster 2006,8.71,0.01,3,$$$,SingleMalt-like,J,J,Scotland,Malt
Kilchoman Spring 2011 Release,8.71,0.25,8,$$$$,SingleMalt-like,J,J,Scotland,Malt
Laphroaig Cairdeas 2017,8.71,0.28,15,$$$$,SingleMalt-like,J,J,Scotland,Malt
Bruichladdich Octomore 10.1,8.7,0.31,8,$$$$$,SingleMalt-like,J,J,Scotland,Malt
Bruichladdich Octomore 11.2,8.7,0.18,3,$$$$$,SingleMalt-like,J,J,Scotland,Malt
Compass Box Peat Monster 2012,8.7,0.32,10,$$$,SingleMalt-like,J,J,Scotland,Malt
Amrut Portpipe Peated Single Cask #2712 (2016),8.68,0.51,6,$$$$,SingleMalt-like,J,J,India,Malt
Caol Ila Distiller's Edition (all editions),8.68,0.37,18,$$$$,SingleMalt-like,J,J,Scotland,Malt
Compass Box Peat Monster 2015,8.68,0.16,5,$$$,SingleMalt-like,J,J,Scotland,Malt
Laphroaig Lore,8.68,0.31,22,$$$$$,SingleMalt-like,J,J,Scotland,Malt
Smogen Single Cask 4yo 20/2011,8.68,0.27,3,$$$$$,SingleMalt-like,J,J,Sweden,Malt
Amrut Peated,8.67,0.27,16,$$$$,SingleMalt-like,J,J,India,Malt
Ileach Peated Islay Cask Strength,8.66,0.4,14,$$$,SingleMalt-like,J,J,Scotland,Malt
Laphroaig Triple Wood,8.66,0.35,24,$$$$,SingleMalt-like,J,J,Scotland,Malt
Ardbeg Drum,8.65,0.42,18,$$$$,SingleMalt-like,J,J,Scotland,Malt
Bruichladdich Octomore 9.2,8.65,0.56,3,$$$$$,SingleMalt-like,J,J,Scotland,Malt
Jura Prophecy,8.64,0.31,21,$$$$,SingleMalt-like,J,J,Scotland,Malt
Bunnahabhain Toiteach,8.57,0.39,19,$$$$,SingleMalt-like,J,J,Scotland,Malt
AnCnoc Flaughter,8.55,0.34,11,$$$$,SingleMalt-like,J,J,Scotland,Malt
BenRiach 17yo Septendecim Peated,8.54,0.55,19,$$$$,SingleMalt-like,J,J,Scotland,Malt
Benromach Peat Smoke,8.54,0.33,21,$$$$,SingleMalt-like,J,J,Scotland,Malt
Bruichladdich Port Charlotte The Peat Project,8.51,0.38,7,$$$$,SingleMalt-like,J,J,Scotland,Malt
Kilchoman Winter 2010 Release,8.49,0.15,4,$$$$,SingleMalt-like,J,J,Scotland,Malt
Compass Box Peat Monster 2010,8.45,0.85,3,$$$,SingleMalt-like,J,J,Scotland,Malt
Finlaggan Old Reserve,8.43,0.51,16,$$,SingleMalt-like,J,J,Scotland,Malt
Ileach Peated Islay,8.4,0.36,8,$$,SingleMalt-like,J,J,Scotland,Malt
Bunnahabhain Cruach Mhona,8.38,0.4,9,$$$,SingleMalt-like,J,J,Scotland,Malt
Laphroaig QA Cask,8.23,0.55,12,$$$,SingleMalt-like,J,J,Scotland,Malt
Milstone Peated,8.19,0.58,3,$$$,SingleMalt-like,J,J,Netherlands,Malt
Tomintoul Peaty Tang,7.99,0.54,14,$$,SingleMalt-like,J,J,Scotland,Malt
McClelland's Islay Single Malt,7.78,0.7,9,$$,SingleMalt-like,J,J,Scotland,Malt
Santis Edition Dreifaltigkeit,7.12,1.84,12,$$$$,SingleMalt-like,J,J,Switzerland,Malt
Santis Cask Strength Peated,6.47,1.89,6,$$$$,SingleMalt-like,J,J,Switzerland,Malt
