Whisky,Meta Critic,STDEV,#,Cost,Class,Super Cluster,Cluster,Country,Type,image_path_0,image_path_1,image_path_2
Milstone Peated,8.19,0.58,3,70,SingleMalt-like,J,J,Netherlands,Malt,data/images/Milstone_Peated_0.jpg,data/images/Milstone_Peated_1.jpg,data/images/Milstone_Peated_2.jpg
St George's Chapter 9 (peated),8.17,0.52,5,70,SingleMalt-like,I,I,England,Malt,data/images/St_George's_Chapter_9_(peated)_0.jpg,data/images/St_George's_Chapter_9_(peated)_1.jpg,data/images/St_George's_Chapter_9_(peated)_2.jpg
Sullivans Cove Bourbon Cask Strength,8.55,0.72,7,125,SingleMalt-like,EF,F,Tasmania,Malt,data/images/Sullivans_Cove_Bourbon_Cask_Strength_0.jpg,data/images/Sullivans_Cove_Bourbon_Cask_Strength_1.jpg,data/images/Sullivans_Cove_Bourbon_Cask_Strength_2.jpg
St George's Chapter 6 (unpeated),8.23,0.46,10,70,SingleMalt-like,GH,G,England,Malt,data/images/St_George's_Chapter_6_(unpeated)_0.jpg,data/images/St_George's_Chapter_6_(unpeated)_1.jpg,data/images/St_George's_Chapter_6_(unpeated)_2.jpg
Penderyn Legend,7.8,0.76,10,70,SingleMalt-like,EF,F,Wales,Malt,data/images/Penderyn_Legend_0.jpg,data/images/Penderyn_Legend_1.jpg,data/images/Penderyn_Legend_2.jpg
Santis Edition Säntis,7.49,0.86,7,125,SingleMalt-like,EF,F,Switzerland,Malt,data/images/Santis_Edition_Säntis_0.jpg,data/images/Santis_Edition_Säntis_1.jpg,data/images/Santis_Edition_Säntis_2.jpg
Teerenpeli 10yo,8.22,0.44,6,300,SingleMalt-like,GH,H,Finland,Malt,data/images/Teerenpeli_10yo_0.jpg,data/images/Teerenpeli_10yo_1.jpg,data/images/Teerenpeli_10yo_2.jpg
Santis Cask Strength Peated,6.47,1.89,6,125,SingleMalt-like,J,J,Switzerland,Malt,data/images/Santis_Cask_Strength_Peated_0.jpg,data/images/Santis_Cask_Strength_Peated_1.jpg,data/images/Santis_Cask_Strength_Peated_2.jpg
Santis Edition Dreifaltigkeit,7.12,1.84,12,125,SingleMalt-like,J,J,Switzerland,Malt,data/images/Santis_Edition_Dreifaltigkeit_0.jpg,data/images/Santis_Edition_Dreifaltigkeit_1.jpg,data/images/Santis_Edition_Dreifaltigkeit_2.jpg
Kavalan Solist Peaty Cask,9.09,0.13,7,300,SingleMalt-like,J,J,Taiwan,Malt,data/images/Kavalan_Solist_Peaty_Cask_0.jpg,data/images/Kavalan_Solist_Peaty_Cask_1.jpg,data/images/Kavalan_Solist_Peaty_Cask_2.jpg
Penderyn Celt,8.27,0.77,7,70,SingleMalt-like,I,I,Wales,Malt,data/images/Penderyn_Celt_0.jpg,data/images/Penderyn_Celt_1.jpg,data/images/Penderyn_Celt_2.jpg
Gouden Carolus Single Malt,8.29,0.34,5,125,SingleMalt-like,EF,E,Belgium,Malt,data/images/Gouden_Carolus_Single_Malt_0.jpg,data/images/Gouden_Carolus_Single_Malt_1.jpg,data/images/Gouden_Carolus_Single_Malt_2.jpg
Sullivans Cove French Oak,8.65,0.31,8,300,SingleMalt-like,ABC,C,Tasmania,Malt,data/images/Sullivans_Cove_French_Oak_0.jpg,data/images/Sullivans_Cove_French_Oak_1.jpg,data/images/Sullivans_Cove_French_Oak_2.jpg
Penderyn Myth,8.27,0.38,7,70,SingleMalt-like,GH,G,Wales,Malt,data/images/Penderyn_Myth_0.jpg,data/images/Penderyn_Myth_1.jpg,data/images/Penderyn_Myth_2.jpg
Penderyn Sherrywood,7.9,0.63,12,125,SingleMalt-like,ABC,B,Wales,Malt,data/images/Penderyn_Sherrywood_0.jpg,data/images/Penderyn_Sherrywood_1.jpg,data/images/Penderyn_Sherrywood_2.jpg
Penderyn Madeira,7.99,0.95,15,125,SingleMalt-like,ABC,B,Wales,Malt,data/images/Penderyn_Madeira_0.jpg,data/images/Penderyn_Madeira_1.jpg,data/images/Penderyn_Madeira_2.jpg
Stalk & Barrel Single Malt (All Casks),8.21,0.44,14,70,SingleMalt-like,EF,F,Canada,Malt,data/images/Stalk_&_Barrel_Single_Malt_(All_Casks)_0.jpg,data/images/Stalk_&_Barrel_Single_Malt_(All_Casks)_1.jpg,data/images/Stalk_&_Barrel_Single_Malt_(All_Casks)_2.jpg
Tyrconnell Single Malt Irish Whiskey,8.16,0.47,19,50,SingleMalt-like,GH,H,Ireland,Malt,data/images/Tyrconnell_Single_Malt_Irish_Whiskey_0.jpg,data/images/Tyrconnell_Single_Malt_Irish_Whiskey_1.jpg,data/images/Tyrconnell_Single_Malt_Irish_Whiskey_2.jpg
Kavalan Solist Rum Cask,9.08,0.36,3,300,SingleMalt-like,GH,G,Taiwan,Malt,data/images/Kavalan_Solist_Rum_Cask_0.jpg,data/images/Kavalan_Solist_Rum_Cask_1.jpg,data/images/Kavalan_Solist_Rum_Cask_2.jpg
Kavalan Solist PX Cask,9.03,0.51,8,300,SingleMalt-like,ABC,A,Taiwan,Malt,data/images/Kavalan_Solist_PX_Cask_0.jpg,data/images/Kavalan_Solist_PX_Cask_1.jpg,data/images/Kavalan_Solist_PX_Cask_2.jpg
Mackmyra The Swedish Whisky (Brukswhisky),8.39,0.58,14,50,SingleMalt-like,GH,H,Sweden,Malt,data/images/Mackmyra_The_Swedish_Whisky_(Brukswhisky)_0.jpg,data/images/Mackmyra_The_Swedish_Whisky_(Brukswhisky)_1.jpg,data/images/Mackmyra_The_Swedish_Whisky_(Brukswhisky)_2.jpg
Kavalan Solist Vinho Barrique,9.05,0.21,23,300,SingleMalt-like,ABC,A,Taiwan,Malt,data/images/Kavalan_Solist_Vinho_Barrique_0.jpg,data/images/Kavalan_Solist_Vinho_Barrique_1.jpg,data/images/Kavalan_Solist_Vinho_Barrique_2.jpg
Kavalan Sherry Oak,8.5,0.51,11,300,SingleMalt-like,ABC,B,Taiwan,Malt,data/images/Kavalan_Sherry_Oak_0.jpg,data/images/Kavalan_Sherry_Oak_1.jpg,data/images/Kavalan_Sherry_Oak_2.jpg
Westland Sherry Wood,8.45,0.43,20,125,SingleMalt-like,ABC,B,USA,Malt,data/images/Westland_Sherry_Wood_0.jpg,data/images/Westland_Sherry_Wood_1.jpg,data/images/Westland_Sherry_Wood_2.jpg
Kavalan Solist Amontillado Cask,9.01,0.23,8,300,SingleMalt-like,ABC,A,Taiwan,Malt,data/images/Kavalan_Solist_Amontillado_Cask_0.jpg,data/images/Kavalan_Solist_Amontillado_Cask_1.jpg,data/images/Kavalan_Solist_Amontillado_Cask_2.jpg
Kavalan Solist Oloroso Sherry Cask,9.15,0.13,5,300,SingleMalt-like,ABC,A,Taiwan,Malt,data/images/Kavalan_Solist_Oloroso_Sherry_Cask_0.jpg,data/images/Kavalan_Solist_Oloroso_Sherry_Cask_1.jpg,data/images/Kavalan_Solist_Oloroso_Sherry_Cask_2.jpg
Teerenpeli Suomi 100 Juhlaviski,8.42,0.71,4,125,SingleMalt-like,I,I,Finland,Malt,data/images/Teerenpeli_Suomi_100_Juhlaviski_0.jpg,data/images/Teerenpeli_Suomi_100_Juhlaviski_1.jpg,data/images/Teerenpeli_Suomi_100_Juhlaviski_2.jpg
Lohin McKinnon Single Malt,7.97,0.37,9,70,SingleMalt-like,GH,H,Canada,Malt,data/images/Lohin_McKinnon_Single_Malt_0.jpg,data/images/Lohin_McKinnon_Single_Malt_1.jpg,data/images/Lohin_McKinnon_Single_Malt_2.jpg
Kavalan Solist Fino Sherry Cask,8.83,0.51,16,300,SingleMalt-like,ABC,A,Taiwan,Malt,data/images/Kavalan_Solist_Fino_Sherry_Cask_0.jpg,data/images/Kavalan_Solist_Fino_Sherry_Cask_1.jpg,data/images/Kavalan_Solist_Fino_Sherry_Cask_2.jpg
Kavalan Solist Sherry Cask,8.95,0.29,26,300,SingleMalt-like,ABC,A,Taiwan,Malt,data/images/Kavalan_Solist_Sherry_Cask_0.jpg,data/images/Kavalan_Solist_Sherry_Cask_1.jpg,data/images/Kavalan_Solist_Sherry_Cask_2.jpg
Kavalan Distillery Reserve Peaty Cask,8.9,0.38,7,300,SingleMalt-like,I,I,Taiwan,Malt,data/images/Kavalan_Distillery_Reserve_Peaty_Cask_0.jpg,data/images/Kavalan_Distillery_Reserve_Peaty_Cask_1.jpg,data/images/Kavalan_Distillery_Reserve_Peaty_Cask_2.jpg
Spirit of Hven Urania,8.55,0.5,3,300,SingleMalt-like,GH,H,Sweden,Malt,data/images/Spirit_of_Hven_Urania_0.jpg,data/images/Spirit_of_Hven_Urania_1.jpg,data/images/Spirit_of_Hven_Urania_2.jpg
Penderyn Peated,8.29,0.63,9,125,SingleMalt-like,I,I,Wales,Malt,data/images/Penderyn_Peated_0.jpg,data/images/Penderyn_Peated_1.jpg,data/images/Penderyn_Peated_2.jpg
Westland Garryana,8.58,0.36,12,300,SingleMalt-like,GH,G,USA,Malt,data/images/Westland_Garryana_0.jpg,data/images/Westland_Garryana_1.jpg,data/images/Westland_Garryana_2.jpg
Knappogue Castle Vintage,8.11,0.84,5,70,SingleMalt-like,GH,H,Ireland,Malt,data/images/Knappogue_Castle_Vintage_0.jpg,data/images/Knappogue_Castle_Vintage_1.jpg,data/images/Knappogue_Castle_Vintage_2.jpg
Loch Lomond NAS,7.69,0.43,14,30,SingleMalt-like,GH,H,Scotland,Malt,data/images/Loch_Lomond_NAS_0.jpg,data/images/Loch_Lomond_NAS_1.jpg,data/images/Loch_Lomond_NAS_2.jpg
The Quiet Man 8yo Single Malt,8.14,0.55,5,70,SingleMalt-like,GH,H,Ireland,Malt,data/images/The_Quiet_Man_8yo_Single_Malt_0.jpg,data/images/The_Quiet_Man_8yo_Single_Malt_1.jpg,data/images/The_Quiet_Man_8yo_Single_Malt_2.jpg
Nantou (Omar) Yushan Blended Malt,7.9,0.39,5,70,SingleMalt-like,GH,G,Taiwan,Malt,data/images/Nantou_(Omar)_Yushan_Blended_Malt_0.jpg,data/images/Nantou_(Omar)_Yushan_Blended_Malt_1.jpg,data/images/Nantou_(Omar)_Yushan_Blended_Malt_2.jpg
Amrut 100 Peated,8.88,0.34,7,125,SingleMalt-like,J,J,India,Malt,data/images/Amrut_100_Peated_0.jpg,data/images/Amrut_100_Peated_1.jpg,data/images/Amrut_100_Peated_2.jpg
Amrut Portpipe Peated Single Cask #2712 (2013),8.95,0.1,3,125,SingleMalt-like,J,J,India,Malt,data/images/Amrut_Portpipe_Peated_Single_Cask_#2712_(2013)_0.jpg,data/images/Amrut_Portpipe_Peated_Single_Cask_#2712_(2013)_1.jpg,data/images/Amrut_Portpipe_Peated_Single_Cask_#2712_(2013)_2.jpg
Millstone 12yo Sherry Cask,8.76,0.51,12,125,SingleMalt-like,ABC,C,Netherlands,Malt,data/images/Millstone_12yo_Sherry_Cask_0.jpg,data/images/Millstone_12yo_Sherry_Cask_1.jpg,data/images/Millstone_12yo_Sherry_Cask_2.jpg
Amrut Portpipe Peated Single Cask #4668 (2017),9.04,0.24,3,125,SingleMalt-like,J,J,India,Malt,data/images/Amrut_Portpipe_Peated_Single_Cask_#4668_(2017)_0.jpg,data/images/Amrut_Portpipe_Peated_Single_Cask_#4668_(2017)_1.jpg,data/images/Amrut_Portpipe_Peated_Single_Cask_#4668_(2017)_2.jpg
Amrut Peated Cask Strength,9.05,0.28,18,125,SingleMalt-like,J,J,India,Malt,data/images/Amrut_Peated_Cask_Strength_0.jpg,data/images/Amrut_Peated_Cask_Strength_1.jpg,data/images/Amrut_Peated_Cask_Strength_2.jpg
Amrut Portpipe Peated Single Cask #2712 (2016),8.68,0.51,6,125,SingleMalt-like,J,J,India,Malt,data/images/Amrut_Portpipe_Peated_Single_Cask_#2712_(2016)_0.jpg,data/images/Amrut_Portpipe_Peated_Single_Cask_#2712_(2016)_1.jpg,data/images/Amrut_Portpipe_Peated_Single_Cask_#2712_(2016)_2.jpg
Amrut Peated,8.67,0.27,16,125,SingleMalt-like,J,J,India,Malt,data/images/Amrut_Peated_0.jpg,data/images/Amrut_Peated_1.jpg,data/images/Amrut_Peated_2.jpg
McClelland's Speyside Single Malt,6.95,0.82,7,50,SingleMalt-like,EF,F,Scotland,Malt,data/images/McClelland's_Speyside_Single_Malt_0.jpg,data/images/McClelland's_Speyside_Single_Malt_1.jpg,data/images/McClelland's_Speyside_Single_Malt_2.jpg
Glen Moray 12yo Chenin Blanc,7.82,0.83,6,50,SingleMalt-like,EF,F,Scotland,Malt,data/images/Glen_Moray_12yo_Chenin_Blanc_0.jpg,data/images/Glen_Moray_12yo_Chenin_Blanc_1.jpg,data/images/Glen_Moray_12yo_Chenin_Blanc_2.jpg
Santis Edition Sigel,7.89,0.76,8,70,SingleMalt-like,EF,E,Switzerland,Malt,data/images/Santis_Edition_Sigel_0.jpg,data/images/Santis_Edition_Sigel_1.jpg,data/images/Santis_Edition_Sigel_2.jpg
Sullivans Cove Port Cask Strength,8.61,0.65,9,300,SingleMalt-like,EF,E,Tasmania,Malt,data/images/Sullivans_Cove_Port_Cask_Strength_0.jpg,data/images/Sullivans_Cove_Port_Cask_Strength_1.jpg,data/images/Sullivans_Cove_Port_Cask_Strength_2.jpg
Ichiro's Malt The Joker,9.22,0.19,4,300,SingleMalt-like,EF,F,Japan,Malt,data/images/Ichiro's_Malt_The_Joker_0.jpg,data/images/Ichiro's_Malt_The_Joker_1.jpg,data/images/Ichiro's_Malt_The_Joker_2.jpg
Amrut Portpipe Peated Single Cask (all casks),8.75,0.43,16,125,SingleMalt-like,J,J,India,Malt,data/images/Amrut_Portpipe_Peated_Single_Cask_(all_casks)_0.jpg,data/images/Amrut_Portpipe_Peated_Single_Cask_(all_casks)_1.jpg,data/images/Amrut_Portpipe_Peated_Single_Cask_(all_casks)_2.jpg
Nikka From the Barrel,8.79,0.34,32,70,SingleMalt-like,EF,F,Japan,Blend,data/images/Nikka_From_the_Barrel_0.jpg,data/images/Nikka_From_the_Barrel_1.jpg,data/images/Nikka_From_the_Barrel_2.jpg
Millstone 8yo French Oak,7.94,0.57,4,125,SingleMalt-like,EF,E,Netherlands,Malt,data/images/Millstone_8yo_French_Oak_0.jpg,data/images/Millstone_8yo_French_Oak_1.jpg,data/images/Millstone_8yo_French_Oak_2.jpg
Glen Moray 10yo Chardonnay Cask,8.08,0.56,14,50,SingleMalt-like,EF,F,Scotland,Malt,data/images/Glen_Moray_10yo_Chardonnay_Cask_0.jpg,data/images/Glen_Moray_10yo_Chardonnay_Cask_1.jpg,data/images/Glen_Moray_10yo_Chardonnay_Cask_2.jpg
Amrut Portpipe Peated Single Cask #2713 (2013),8.74,0.15,4,125,SingleMalt-like,J,J,India,Malt,data/images/Amrut_Portpipe_Peated_Single_Cask_#2713_(2013)_0.jpg,data/images/Amrut_Portpipe_Peated_Single_Cask_#2713_(2013)_1.jpg,data/images/Amrut_Portpipe_Peated_Single_Cask_#2713_(2013)_2.jpg
Sullivans Cove American Oak,8.54,0.39,7,300,SingleMalt-like,EF,E,Tasmania,Malt,data/images/Sullivans_Cove_American_Oak_0.jpg,data/images/Sullivans_Cove_American_Oak_1.jpg,data/images/Sullivans_Cove_American_Oak_2.jpg
Arran Malt Robert Burns Single Malt,8.15,0.6,11,50,SingleMalt-like,EF,F,Scotland,Malt,data/images/Arran_Malt_Robert_Burns_Single_Malt_0.jpg,data/images/Arran_Malt_Robert_Burns_Single_Malt_1.jpg,data/images/Arran_Malt_Robert_Burns_Single_Malt_2.jpg
McClelland's Lowland Single Malt,6.89,0.58,4,50,SingleMalt-like,GH,H,Scotland,Malt,data/images/McClelland's_Lowland_Single_Malt_0.jpg,data/images/McClelland's_Lowland_Single_Malt_1.jpg,data/images/McClelland's_Lowland_Single_Malt_2.jpg
Glenfiddich Winter Storm 21yo Experimental Series No. 3,8.74,0.36,10,300,SingleMalt-like,EF,F,Scotland,Malt,data/images/Glenfiddich_Winter_Storm_21yo_Experimental_Series_No._3_0.jpg,data/images/Glenfiddich_Winter_Storm_21yo_Experimental_Series_No._3_1.jpg,data/images/Glenfiddich_Winter_Storm_21yo_Experimental_Series_No._3_2.jpg
Kavalan Brandy Oak,8.8,0.24,8,300,SingleMalt-like,ABC,A,Taiwan,Malt,data/images/Kavalan_Brandy_Oak_0.jpg,data/images/Kavalan_Brandy_Oak_1.jpg,data/images/Kavalan_Brandy_Oak_2.jpg
Tamnavulin 12yo,7.68,0.79,4,50,SingleMalt-like,GH,H,Scotland,Malt,data/images/Tamnavulin_12yo_0.jpg,data/images/Tamnavulin_12yo_1.jpg,data/images/Tamnavulin_12yo_2.jpg
Westland Peat Week,8.77,0.26,7,125,SingleMalt-like,I,I,USA,Malt,data/images/Westland_Peat_Week_0.jpg,data/images/Westland_Peat_Week_1.jpg,data/images/Westland_Peat_Week_2.jpg
Glenmorangie Ealanta,8.89,0.26,19,300,SingleMalt-like,EF,F,Scotland,Malt,data/images/Glenmorangie_Ealanta_0.jpg,data/images/Glenmorangie_Ealanta_1.jpg,data/images/Glenmorangie_Ealanta_2.jpg
Paul John Bold,8.68,0.27,6,70,SingleMalt-like,I,I,India,Malt,data/images/Paul_John_Bold_0.jpg,data/images/Paul_John_Bold_1.jpg,data/images/Paul_John_Bold_2.jpg
Westland Peated,8.57,0.44,14,125,SingleMalt-like,I,I,USA,Malt,data/images/Westland_Peated_0.jpg,data/images/Westland_Peated_1.jpg,data/images/Westland_Peated_2.jpg
Paul John Edited,8.55,0.41,10,70,SingleMalt-like,I,I,India,Malt,data/images/Paul_John_Edited_0.jpg,data/images/Paul_John_Edited_1.jpg,data/images/Paul_John_Edited_2.jpg
Mackmyra Mack,7.83,0.54,3,70,SingleMalt-like,GH,H,Sweden,Malt,data/images/Mackmyra_Mack_0.jpg,data/images/Mackmyra_Mack_1.jpg,data/images/Mackmyra_Mack_2.jpg
Compass Box 3yo Deluxe,8.95,0.34,13,300,SingleMalt-like,EF,F,Scotland,Malt,data/images/Compass_Box_3yo_Deluxe_0.jpg,data/images/Compass_Box_3yo_Deluxe_1.jpg,data/images/Compass_Box_3yo_Deluxe_2.jpg
Bunnahabhain 40yo,9.12,0.38,6,300,SingleMalt-like,EF,F,Scotland,Malt,data/images/Bunnahabhain_40yo_0.jpg,data/images/Bunnahabhain_40yo_1.jpg,data/images/Bunnahabhain_40yo_2.jpg
Amrut PX Sherry Single Cask 2702,7.84,0.94,3,125,SingleMalt-like,ABC,B,India,Malt,data/images/Amrut_PX_Sherry_Single_Cask_2702_0.jpg,data/images/Amrut_PX_Sherry_Single_Cask_2702_1.jpg,data/images/Amrut_PX_Sherry_Single_Cask_2702_2.jpg
Auchentoshan American Oak,7.77,0.75,12,50,SingleMalt-like,GH,H,Scotland,Malt,data/images/Auchentoshan_American_Oak_0.jpg,data/images/Auchentoshan_American_Oak_1.jpg,data/images/Auchentoshan_American_Oak_2.jpg
Kavalan Distillery Reserve Rum Cask,8.81,0.28,3,300,SingleMalt-like,GH,G,Taiwan,Malt,data/images/Kavalan_Distillery_Reserve_Rum_Cask_0.jpg,data/images/Kavalan_Distillery_Reserve_Rum_Cask_1.jpg,data/images/Kavalan_Distillery_Reserve_Rum_Cask_2.jpg
High Coast (Box) The Festival 2016,8.69,0.03,3,300,SingleMalt-like,EF,F,Sweden,Malt,data/images/High_Coast_(Box)_The_Festival_2016_0.jpg,data/images/High_Coast_(Box)_The_Festival_2016_1.jpg,data/images/High_Coast_(Box)_The_Festival_2016_2.jpg
Craigellachie 14yo,8.38,0.28,6,300,SingleMalt-like,EF,F,Scotland,Malt,data/images/Craigellachie_14yo_0.jpg,data/images/Craigellachie_14yo_1.jpg,data/images/Craigellachie_14yo_2.jpg
Teeling Silver Reserve 21yo Sauternes Finish,8.88,0.36,10,300,SingleMalt-like,GH,H,Ireland,Malt,data/images/Teeling_Silver_Reserve_21yo_Sauternes_Finish_0.jpg,data/images/Teeling_Silver_Reserve_21yo_Sauternes_Finish_1.jpg,data/images/Teeling_Silver_Reserve_21yo_Sauternes_Finish_2.jpg
Sheep Dip Blended Malt,8.44,0.41,15,50,SingleMalt-like,GH,H,Scotland,Malt,data/images/Sheep_Dip_Blended_Malt_0.jpg,data/images/Sheep_Dip_Blended_Malt_1.jpg,data/images/Sheep_Dip_Blended_Malt_2.jpg
FEW Single Malt,8.42,0.55,6,125,SingleMalt-like,GH,G,USA,Malt,data/images/FEW_Single_Malt_0.jpg,data/images/FEW_Single_Malt_1.jpg,data/images/FEW_Single_Malt_2.jpg
Amrut Indian Single Malt,8.29,0.87,18,70,SingleMalt-like,GH,G,India,Malt,data/images/Amrut_Indian_Single_Malt_0.jpg,data/images/Amrut_Indian_Single_Malt_1.jpg,data/images/Amrut_Indian_Single_Malt_2.jpg
Glen Grant 10yo,8.23,0.5,10,50,SingleMalt-like,GH,H,Scotland,Malt,data/images/Glen_Grant_10yo_0.jpg,data/images/Glen_Grant_10yo_1.jpg,data/images/Glen_Grant_10yo_2.jpg
Santis Alpstein (all editions),8.55,0.06,3,300,SingleMalt-like,ABC,C,Switzerland,Malt,data/images/Santis_Alpstein_(all_editions)_0.jpg,data/images/Santis_Alpstein_(all_editions)_1.jpg,data/images/Santis_Alpstein_(all_editions)_2.jpg
Sullivans Cove Double Cask,8.29,0.5,14,125,SingleMalt-like,EF,E,Tasmania,Malt,data/images/Sullivans_Cove_Double_Cask_0.jpg,data/images/Sullivans_Cove_Double_Cask_1.jpg,data/images/Sullivans_Cove_Double_Cask_2.jpg
Deanston Virgin Oak,8.13,0.43,17,50,SingleMalt-like,GH,H,Scotland,Malt,data/images/Deanston_Virgin_Oak_0.jpg,data/images/Deanston_Virgin_Oak_1.jpg,data/images/Deanston_Virgin_Oak_2.jpg
Speyside 12yo,7.85,0.65,10,50,SingleMalt-like,GH,H,Scotland,Malt,data/images/Speyside_12yo_0.jpg,data/images/Speyside_12yo_1.jpg,data/images/Speyside_12yo_2.jpg
Kilbeggan Irish Reserve Malt Whiskey,8.12,0.64,8,50,SingleMalt-like,GH,G,Ireland,Malt,data/images/Kilbeggan_Irish_Reserve_Malt_Whiskey_0.jpg,data/images/Kilbeggan_Irish_Reserve_Malt_Whiskey_1.jpg,data/images/Kilbeggan_Irish_Reserve_Malt_Whiskey_2.jpg
Amrut PX Sherry Single Cask 2701,8.5,0.74,3,125,SingleMalt-like,ABC,B,India,Malt,data/images/Amrut_PX_Sherry_Single_Cask_2701_0.jpg,data/images/Amrut_PX_Sherry_Single_Cask_2701_1.jpg,data/images/Amrut_PX_Sherry_Single_Cask_2701_2.jpg
Pig's Nose 5yo Blended Malt,8.05,0.36,6,50,SingleMalt-like,GH,H,Scotland,Malt,data/images/Pig's_Nose_5yo_Blended_Malt_0.jpg,data/images/Pig's_Nose_5yo_Blended_Malt_1.jpg,data/images/Pig's_Nose_5yo_Blended_Malt_2.jpg
Swiss Highland Classic Single Malt,8.61,0.39,4,300,SingleMalt-like,ABC,C,Switzerland,Malt,data/images/Swiss_Highland_Classic_Single_Malt_0.jpg,data/images/Swiss_Highland_Classic_Single_Malt_1.jpg,data/images/Swiss_Highland_Classic_Single_Malt_2.jpg
Auchentoshan Classic,7.93,0.47,9,50,SingleMalt-like,GH,H,Scotland,Malt,data/images/Auchentoshan_Classic_0.jpg,data/images/Auchentoshan_Classic_1.jpg,data/images/Auchentoshan_Classic_2.jpg
Glen Grant The Major's Reserve,7.86,0.59,11,50,SingleMalt-like,GH,H,Scotland,Malt,data/images/Glen_Grant_The_Major's_Reserve_0.jpg,data/images/Glen_Grant_The_Major's_Reserve_1.jpg,data/images/Glen_Grant_The_Major's_Reserve_2.jpg
Mackmyra The First Edition (Den Första Utgåvan),8.65,0.35,18,70,SingleMalt-like,GH,H,Sweden,Malt,data/images/Mackmyra_The_First_Edition_(Den_Första_Utgåvan)_0.jpg,data/images/Mackmyra_The_First_Edition_(Den_Första_Utgåvan)_1.jpg,data/images/Mackmyra_The_First_Edition_(Den_Första_Utgåvan)_2.jpg
Speyburn 10yo,8.06,0.33,23,50,SingleMalt-like,GH,H,Scotland,Malt,data/images/Speyburn_10yo_0.jpg,data/images/Speyburn_10yo_1.jpg,data/images/Speyburn_10yo_2.jpg
Ileach Peated Islay,8.4,0.36,8,50,SingleMalt-like,J,J,Scotland,Malt,data/images/Ileach_Peated_Islay_0.jpg,data/images/Ileach_Peated_Islay_1.jpg,data/images/Ileach_Peated_Islay_2.jpg
McClelland's Islay Single Malt,7.78,0.7,9,50,SingleMalt-like,J,J,Scotland,Malt,data/images/McClelland's_Islay_Single_Malt_0.jpg,data/images/McClelland's_Islay_Single_Malt_1.jpg,data/images/McClelland's_Islay_Single_Malt_2.jpg
Finlaggan Old Reserve,8.43,0.51,16,50,SingleMalt-like,J,J,Scotland,Malt,data/images/Finlaggan_Old_Reserve_0.jpg,data/images/Finlaggan_Old_Reserve_1.jpg,data/images/Finlaggan_Old_Reserve_2.jpg
Tomintoul Peaty Tang,7.99,0.54,14,50,SingleMalt-like,J,J,Scotland,Malt,data/images/Tomintoul_Peaty_Tang_0.jpg,data/images/Tomintoul_Peaty_Tang_1.jpg,data/images/Tomintoul_Peaty_Tang_2.jpg
Ichiro's Malt Chichibu The Peated,8.98,0.35,12,300,SingleMalt-like,J,J,Japan,Malt,data/images/Ichiro's_Malt_Chichibu_The_Peated_0.jpg,data/images/Ichiro's_Malt_Chichibu_The_Peated_1.jpg,data/images/Ichiro's_Malt_Chichibu_The_Peated_2.jpg
Amrut Intermediate Sherry,8.89,0.46,26,125,SingleMalt-like,ABC,B,India,Malt,data/images/Amrut_Intermediate_Sherry_0.jpg,data/images/Amrut_Intermediate_Sherry_1.jpg,data/images/Amrut_Intermediate_Sherry_2.jpg
Two Brewers Release 12 Peated,8.75,0.48,5,125,SingleMalt-like,J,J,Canada,Malt,data/images/Two_Brewers_Release_12_Peated_0.jpg,data/images/Two_Brewers_Release_12_Peated_1.jpg,data/images/Two_Brewers_Release_12_Peated_2.jpg
Ardbeg Alligator,9.04,0.18,18,300,SingleMalt-like,J,J,Scotland,Malt,data/images/Ardbeg_Alligator_0.jpg,data/images/Ardbeg_Alligator_1.jpg,data/images/Ardbeg_Alligator_2.jpg
Two Brewers Release 02 Special Finishes,8.77,0.51,5,125,SingleMalt-like,ABC,B,Canada,Malt,data/images/Two_Brewers_Release_02_Special_Finishes_0.jpg,data/images/Two_Brewers_Release_02_Special_Finishes_1.jpg,data/images/Two_Brewers_Release_02_Special_Finishes_2.jpg
Glen Moray 16yo Chenin Blanc,7.53,0.66,4,70,SingleMalt-like,EF,F,Scotland,Malt,data/images/Glen_Moray_16yo_Chenin_Blanc_0.jpg,data/images/Glen_Moray_16yo_Chenin_Blanc_1.jpg,data/images/Glen_Moray_16yo_Chenin_Blanc_2.jpg
Ardbeg 17yo,8.96,0.34,8,300,SingleMalt-like,J,J,Scotland,Malt,data/images/Ardbeg_17yo_0.jpg,data/images/Ardbeg_17yo_1.jpg,data/images/Ardbeg_17yo_2.jpg
Smogen Single Cask (all editions),8.97,0.11,5,300,SingleMalt-like,J,J,Sweden,Malt,data/images/Smogen_Single_Cask_(all_editions)_0.jpg,data/images/Smogen_Single_Cask_(all_editions)_1.jpg,data/images/Smogen_Single_Cask_(all_editions)_2.jpg
Glenburgie 10yo (Gordon & MacPhail),8.09,0.41,8,70,SingleMalt-like,EF,F,Scotland,Malt,data/images/Glenburgie_10yo_(Gordon_&_MacPhail)_0.jpg,data/images/Glenburgie_10yo_(Gordon_&_MacPhail)_1.jpg,data/images/Glenburgie_10yo_(Gordon_&_MacPhail)_2.jpg
Hakushu Sherry Cask,8.95,0.5,7,300,SingleMalt-like,ABC,B,Japan,Malt,data/images/Hakushu_Sherry_Cask_0.jpg,data/images/Hakushu_Sherry_Cask_1.jpg,data/images/Hakushu_Sherry_Cask_2.jpg
Connemara Turf Mor,8.74,0.46,11,125,SingleMalt-like,J,J,Ireland,Malt,data/images/Connemara_Turf_Mor_0.jpg,data/images/Connemara_Turf_Mor_1.jpg,data/images/Connemara_Turf_Mor_2.jpg
Two Brewers Release 28 Special Finishes,8.6,0.23,3,125,SingleMalt-like,ABC,B,Canada,Malt,data/images/Two_Brewers_Release_28_Special_Finishes_0.jpg,data/images/Two_Brewers_Release_28_Special_Finishes_1.jpg,data/images/Two_Brewers_Release_28_Special_Finishes_2.jpg
Tobermory 10yo,8.22,0.39,27,70,SingleMalt-like,EF,F,Scotland,Malt,data/images/Tobermory_10yo_0.jpg,data/images/Tobermory_10yo_1.jpg,data/images/Tobermory_10yo_2.jpg
Two Brewers Release 09 Special Finishes,8.8,0.4,6,125,SingleMalt-like,ABC,B,Canada,Malt,data/images/Two_Brewers_Release_09_Special_Finishes_0.jpg,data/images/Two_Brewers_Release_09_Special_Finishes_1.jpg,data/images/Two_Brewers_Release_09_Special_Finishes_2.jpg
Mackmyra Sweden Rock (2015),7.03,1.28,3,300,SingleMalt-like,GH,H,Sweden,Malt,data/images/Mackmyra_Sweden_Rock_(2015)_0.jpg,data/images/Mackmyra_Sweden_Rock_(2015)_1.jpg,data/images/Mackmyra_Sweden_Rock_(2015)_2.jpg
Bunnahabhain Darach Ur,8.39,0.32,10,70,SingleMalt-like,EF,F,Scotland,Malt,data/images/Bunnahabhain_Darach_Ur_0.jpg,data/images/Bunnahabhain_Darach_Ur_1.jpg,data/images/Bunnahabhain_Darach_Ur_2.jpg
Teerenpeli 8yo,8.4,0.4,7,300,SingleMalt-like,EF,E,Finland,Malt,data/images/Teerenpeli_8yo_0.jpg,data/images/Teerenpeli_8yo_1.jpg,data/images/Teerenpeli_8yo_2.jpg
Bruichladdich Octomore 10,8.93,0.35,6,300,SingleMalt-like,J,J,Scotland,Malt,data/images/Bruichladdich_Octomore_10_0.jpg,data/images/Bruichladdich_Octomore_10_1.jpg,data/images/Bruichladdich_Octomore_10_2.jpg
Kavalan Podium,8.65,0.27,11,125,SingleMalt-like,GH,G,Taiwan,Malt,data/images/Kavalan_Podium_0.jpg,data/images/Kavalan_Podium_1.jpg,data/images/Kavalan_Podium_2.jpg
Glencadam 30yo,8.76,0.27,3,300,SingleMalt-like,GH,H,Scotland,Malt,data/images/Glencadam_30yo_0.jpg,data/images/Glencadam_30yo_1.jpg,data/images/Glencadam_30yo_2.jpg
Brora 21yo,8.88,0.43,4,300,SingleMalt-like,J,J,Scotland,Malt,data/images/Brora_21yo_0.jpg,data/images/Brora_21yo_1.jpg,data/images/Brora_21yo_2.jpg
Hakushu NAS,8.32,0.36,5,70,SingleMalt-like,GH,H,Japan,Malt,data/images/Hakushu_NAS_0.jpg,data/images/Hakushu_NAS_1.jpg,data/images/Hakushu_NAS_2.jpg
Kavalan Single Malt Whisky,8.42,0.44,19,125,SingleMalt-like,GH,G,Taiwan,Malt,data/images/Kavalan_Single_Malt_Whisky_0.jpg,data/images/Kavalan_Single_Malt_Whisky_1.jpg,data/images/Kavalan_Single_Malt_Whisky_2.jpg
Mackmyra Special 02,8.29,0.77,3,300,SingleMalt-like,GH,H,Sweden,Malt,data/images/Mackmyra_Special_02_0.jpg,data/images/Mackmyra_Special_02_1.jpg,data/images/Mackmyra_Special_02_2.jpg
Ardbeg Supernova 2019,8.85,0.23,6,300,SingleMalt-like,J,J,Scotland,Malt,data/images/Ardbeg_Supernova_2019_0.jpg,data/images/Ardbeg_Supernova_2019_1.jpg,data/images/Ardbeg_Supernova_2019_2.jpg
Two Brewers Release 15 Special Finishes,8.68,0.28,6,125,SingleMalt-like,ABC,B,Canada,Malt,data/images/Two_Brewers_Release_15_Special_Finishes_0.jpg,data/images/Two_Brewers_Release_15_Special_Finishes_1.jpg,data/images/Two_Brewers_Release_15_Special_Finishes_2.jpg
Two Brewers Special Finishes (all releases),8.72,0.15,7,125,SingleMalt-like,ABC,B,Canada,Malt,data/images/Two_Brewers_Special_Finishes_(all_releases)_0.jpg,data/images/Two_Brewers_Special_Finishes_(all_releases)_1.jpg,data/images/Two_Brewers_Special_Finishes_(all_releases)_2.jpg
Hakushu 10yo,8.72,0.26,4,70,SingleMalt-like,GH,H,Japan,Malt,data/images/Hakushu_10yo_0.jpg,data/images/Hakushu_10yo_1.jpg,data/images/Hakushu_10yo_2.jpg
Kavalan King Car Conductor,8.47,0.31,11,125,SingleMalt-like,GH,G,Taiwan,Malt,data/images/Kavalan_King_Car_Conductor_0.jpg,data/images/Kavalan_King_Car_Conductor_1.jpg,data/images/Kavalan_King_Car_Conductor_2.jpg
Mackmyra Preludium 03,8.58,0.88,5,300,SingleMalt-like,GH,H,Sweden,Malt,data/images/Mackmyra_Preludium_03_0.jpg,data/images/Mackmyra_Preludium_03_1.jpg,data/images/Mackmyra_Preludium_03_2.jpg
Mackmyra Ten Years 10yo,8.63,0.25,9,300,SingleMalt-like,GH,H,Sweden,Malt,data/images/Mackmyra_Ten_Years_10yo_0.jpg,data/images/Mackmyra_Ten_Years_10yo_1.jpg,data/images/Mackmyra_Ten_Years_10yo_2.jpg
Shelter Point Artisanal Single Malt Whisky,8.14,0.5,10,70,SingleMalt-like,GH,G,Canada,Malt,data/images/Shelter_Point_Artisanal_Single_Malt_Whisky_0.jpg,data/images/Shelter_Point_Artisanal_Single_Malt_Whisky_1.jpg,data/images/Shelter_Point_Artisanal_Single_Malt_Whisky_2.jpg
High Coast (Box) The Festival 2014,8.91,0.09,3,300,SingleMalt-like,J,J,Sweden,Malt,data/images/High_Coast_(Box)_The_Festival_2014_0.jpg,data/images/High_Coast_(Box)_The_Festival_2014_1.jpg,data/images/High_Coast_(Box)_The_Festival_2014_2.jpg
Teerenpeli Distiller’s Choice AURA,8.51,0.08,3,300,SingleMalt-like,ABC,C,Finland,Malt,data/images/Teerenpeli_Distiller’s_Choice_AURA_0.jpg,data/images/Teerenpeli_Distiller’s_Choice_AURA_1.jpg,data/images/Teerenpeli_Distiller’s_Choice_AURA_2.jpg
Deanston 12yo,8.26,0.42,24,70,SingleMalt-like,EF,F,Scotland,Malt,data/images/Deanston_12yo_0.jpg,data/images/Deanston_12yo_1.jpg,data/images/Deanston_12yo_2.jpg
Lohin McKinnon Peated,8.62,0.48,3,70,SingleMalt-like,I,I,Canada,Malt,data/images/Lohin_McKinnon_Peated_0.jpg,data/images/Lohin_McKinnon_Peated_1.jpg,data/images/Lohin_McKinnon_Peated_2.jpg
Brora 30yo,9.39,0.27,20,300,SingleMalt-like,J,J,Scotland,Malt,data/images/Brora_30yo_0.jpg,data/images/Brora_30yo_1.jpg,data/images/Brora_30yo_2.jpg
Ardbeg Supernova 2015,9.01,0.32,8,300,SingleMalt-like,J,J,Scotland,Malt,data/images/Ardbeg_Supernova_2015_0.jpg,data/images/Ardbeg_Supernova_2015_1.jpg,data/images/Ardbeg_Supernova_2015_2.jpg
Laphroaig 21yo,9.13,0.38,13,300,SingleMalt-like,J,J,Scotland,Malt,data/images/Laphroaig_21yo_0.jpg,data/images/Laphroaig_21yo_1.jpg,data/images/Laphroaig_21yo_2.jpg
Bunnahabhain 12yo,8.7,0.26,33,70,SingleMalt-like,EF,F,Scotland,Malt,data/images/Bunnahabhain_12yo_0.jpg,data/images/Bunnahabhain_12yo_1.jpg,data/images/Bunnahabhain_12yo_2.jpg
Ardbeg 19yo Traigh Bhan,9.1,0.22,10,300,SingleMalt-like,J,J,Scotland,Malt,data/images/Ardbeg_19yo_Traigh_Bhan_0.jpg,data/images/Ardbeg_19yo_Traigh_Bhan_1.jpg,data/images/Ardbeg_19yo_Traigh_Bhan_2.jpg
Hakushu 18yo,8.76,0.31,10,300,SingleMalt-like,EF,F,Japan,Malt,data/images/Hakushu_18yo_0.jpg,data/images/Hakushu_18yo_1.jpg,data/images/Hakushu_18yo_2.jpg
Penderyn Portwood,8.47,0.33,6,70,SingleMalt-like,ABC,C,Wales,Malt,data/images/Penderyn_Portwood_0.jpg,data/images/Penderyn_Portwood_1.jpg,data/images/Penderyn_Portwood_2.jpg
Ardbeg 23yo Twenty Something,9.29,0.17,8,300,SingleMalt-like,J,J,Scotland,Malt,data/images/Ardbeg_23yo_Twenty_Something_0.jpg,data/images/Ardbeg_23yo_Twenty_Something_1.jpg,data/images/Ardbeg_23yo_Twenty_Something_2.jpg
Compass Box Oak Cross,8.58,0.37,18,70,SingleMalt-like,EF,F,Scotland,Malt,data/images/Compass_Box_Oak_Cross_0.jpg,data/images/Compass_Box_Oak_Cross_1.jpg,data/images/Compass_Box_Oak_Cross_2.jpg
Brora 35yo,9.43,0.3,13,300,SingleMalt-like,J,J,Scotland,Malt,data/images/Brora_35yo_0.jpg,data/images/Brora_35yo_1.jpg,data/images/Brora_35yo_2.jpg
Ardbeg Supernova 2014,9.07,0.32,15,300,SingleMalt-like,J,J,Scotland,Malt,data/images/Ardbeg_Supernova_2014_0.jpg,data/images/Ardbeg_Supernova_2014_1.jpg,data/images/Ardbeg_Supernova_2014_2.jpg
Ardbeg 22yo Twenty Something,9.02,0.16,4,300,SingleMalt-like,J,J,Scotland,Malt,data/images/Ardbeg_22yo_Twenty_Something_0.jpg,data/images/Ardbeg_22yo_Twenty_Something_1.jpg,data/images/Ardbeg_22yo_Twenty_Something_2.jpg
Glen Moray Classic Sherry Cask finish,8.37,0.21,6,50,SingleMalt-like,ABC,B,Scotland,Malt,data/images/Glen_Moray_Classic_Sherry_Cask_finish_0.jpg,data/images/Glen_Moray_Classic_Sherry_Cask_finish_1.jpg,data/images/Glen_Moray_Classic_Sherry_Cask_finish_2.jpg
Glenrothes Robur Reserve,8.21,0.49,6,50,SingleMalt-like,ABC,B,Scotland,Malt,data/images/Glenrothes_Robur_Reserve_0.jpg,data/images/Glenrothes_Robur_Reserve_1.jpg,data/images/Glenrothes_Robur_Reserve_2.jpg
Ardbeg 21yo,9.16,0.26,15,300,SingleMalt-like,J,J,Scotland,Malt,data/images/Ardbeg_21yo_0.jpg,data/images/Ardbeg_21yo_1.jpg,data/images/Ardbeg_21yo_2.jpg
Glen Breton 15yo Battle of the Glen,8.49,0.28,7,300,SingleMalt-like,GH,G,Canada,Malt,data/images/Glen_Breton_15yo_Battle_of_the_Glen_0.jpg,data/images/Glen_Breton_15yo_Battle_of_the_Glen_1.jpg,data/images/Glen_Breton_15yo_Battle_of_the_Glen_2.jpg
Wemyss Malts Kiln Embers,8.82,0.18,4,70,SingleMalt-like,J,J,Scotland,Malt,data/images/Wemyss_Malts_Kiln_Embers_0.jpg,data/images/Wemyss_Malts_Kiln_Embers_1.jpg,data/images/Wemyss_Malts_Kiln_Embers_2.jpg
Compass Box Monster 2004,8.84,0.34,3,70,SingleMalt-like,J,J,Scotland,Malt,data/images/Compass_Box_Monster_2004_0.jpg,data/images/Compass_Box_Monster_2004_1.jpg,data/images/Compass_Box_Monster_2004_2.jpg
AnCnoc 12yo,8.5,0.37,28,70,SingleMalt-like,GH,H,Scotland,Malt,data/images/AnCnoc_12yo_0.jpg,data/images/AnCnoc_12yo_1.jpg,data/images/AnCnoc_12yo_2.jpg
Kanosuke New Born 2018 8mo,8.93,0.23,4,125,SingleMalt-like,EF,F,Japan,Malt,data/images/Kanosuke_New_Born_2018_8mo_0.jpg,data/images/Kanosuke_New_Born_2018_8mo_1.jpg,data/images/Kanosuke_New_Born_2018_8mo_2.jpg
Teerenpeli Distiller’s Choice RASI,8.49,0.45,3,125,SingleMalt-like,EF,E,Finland,Malt,data/images/Teerenpeli_Distiller’s_Choice_RASI_0.jpg,data/images/Teerenpeli_Distiller’s_Choice_RASI_1.jpg,data/images/Teerenpeli_Distiller’s_Choice_RASI_2.jpg
Compass Box Spice Tree Extravaganza,8.87,0.28,12,300,SingleMalt-like,EF,F,Scotland,Malt,data/images/Compass_Box_Spice_Tree_Extravaganza_0.jpg,data/images/Compass_Box_Spice_Tree_Extravaganza_1.jpg,data/images/Compass_Box_Spice_Tree_Extravaganza_2.jpg
Bunnahabhain Cruach Mhona,8.38,0.4,9,70,SingleMalt-like,J,J,Scotland,Malt,data/images/Bunnahabhain_Cruach_Mhona_0.jpg,data/images/Bunnahabhain_Cruach_Mhona_1.jpg,data/images/Bunnahabhain_Cruach_Mhona_2.jpg
Old Pulteney Huddart,8.47,0.25,5,70,SingleMalt-like,GH,H,Scotland,Malt,data/images/Old_Pulteney_Huddart_0.jpg,data/images/Old_Pulteney_Huddart_1.jpg,data/images/Old_Pulteney_Huddart_2.jpg
Mackmyra Special 07,8.45,0.57,7,125,SingleMalt-like,GH,H,Sweden,Malt,data/images/Mackmyra_Special_07_0.jpg,data/images/Mackmyra_Special_07_1.jpg,data/images/Mackmyra_Special_07_2.jpg
Glen Grant 10yo (G&M),8.43,0.3,4,70,SingleMalt-like,GH,H,Scotland,Malt,data/images/Glen_Grant_10yo_(G&M)_0.jpg,data/images/Glen_Grant_10yo_(G&M)_1.jpg,data/images/Glen_Grant_10yo_(G&M)_2.jpg
Glencadam 10yo,8.43,0.47,15,70,SingleMalt-like,GH,H,Scotland,Malt,data/images/Glencadam_10yo_0.jpg,data/images/Glencadam_10yo_1.jpg,data/images/Glencadam_10yo_2.jpg
Laphroaig QA Cask,8.23,0.55,12,70,SingleMalt-like,J,J,Scotland,Malt,data/images/Laphroaig_QA_Cask_0.jpg,data/images/Laphroaig_QA_Cask_1.jpg,data/images/Laphroaig_QA_Cask_2.jpg
Teerenpeli Distiller’s Choice KARHI,8.69,0.16,3,125,SingleMalt-like,ABC,C,Finland,Malt,data/images/Teerenpeli_Distiller’s_Choice_KARHI_0.jpg,data/images/Teerenpeli_Distiller’s_Choice_KARHI_1.jpg,data/images/Teerenpeli_Distiller’s_Choice_KARHI_2.jpg
Compass Box Peat Monster 2010,8.45,0.85,3,70,SingleMalt-like,J,J,Scotland,Malt,data/images/Compass_Box_Peat_Monster_2010_0.jpg,data/images/Compass_Box_Peat_Monster_2010_1.jpg,data/images/Compass_Box_Peat_Monster_2010_2.jpg
Kavalan Solist Ex-Bourbon,8.83,0.24,26,300,SingleMalt-like,EF,E,Taiwan,Malt,data/images/Kavalan_Solist_Ex-Bourbon_0.jpg,data/images/Kavalan_Solist_Ex-Bourbon_1.jpg,data/images/Kavalan_Solist_Ex-Bourbon_2.jpg
Compass Box Phenomenology,8.85,0.44,12,300,SingleMalt-like,EF,F,Scotland,Malt,data/images/Compass_Box_Phenomenology_0.jpg,data/images/Compass_Box_Phenomenology_1.jpg,data/images/Compass_Box_Phenomenology_2.jpg
Bushmills 16yo Single Malt,8.46,0.49,20,125,SingleMalt-like,ABC,B,Ireland,Malt,data/images/Bushmills_16yo_Single_Malt_0.jpg,data/images/Bushmills_16yo_Single_Malt_1.jpg,data/images/Bushmills_16yo_Single_Malt_2.jpg
Copperworks American Single Malt,8.49,0.26,6,70,SingleMalt-like,EF,E,USA,Malt,data/images/Copperworks_American_Single_Malt_0.jpg,data/images/Copperworks_American_Single_Malt_1.jpg,data/images/Copperworks_American_Single_Malt_2.jpg
Compass Box Peat Monster 2006,8.71,0.01,3,70,SingleMalt-like,J,J,Scotland,Malt,data/images/Compass_Box_Peat_Monster_2006_0.jpg,data/images/Compass_Box_Peat_Monster_2006_1.jpg,data/images/Compass_Box_Peat_Monster_2006_2.jpg
Compass Box Peat Monster 2012,8.7,0.32,10,70,SingleMalt-like,J,J,Scotland,Malt,data/images/Compass_Box_Peat_Monster_2012_0.jpg,data/images/Compass_Box_Peat_Monster_2012_1.jpg,data/images/Compass_Box_Peat_Monster_2012_2.jpg
Tyrconnell 10yo Port Cask Finish,8.52,0.31,12,125,SingleMalt-like,ABC,B,Ireland,Malt,data/images/Tyrconnell_10yo_Port_Cask_Finish_0.jpg,data/images/Tyrconnell_10yo_Port_Cask_Finish_1.jpg,data/images/Tyrconnell_10yo_Port_Cask_Finish_2.jpg
Matsui Sakura Cask,8.31,0.62,6,125,SingleMalt-like,EF,F,Japan,Malt,data/images/Matsui_Sakura_Cask_0.jpg,data/images/Matsui_Sakura_Cask_1.jpg,data/images/Matsui_Sakura_Cask_2.jpg
Compass Box Peat Monster (all editions),8.73,0.25,27,70,SingleMalt-like,J,J,Scotland,Malt,data/images/Compass_Box_Peat_Monster_(all_editions)_0.jpg,data/images/Compass_Box_Peat_Monster_(all_editions)_1.jpg,data/images/Compass_Box_Peat_Monster_(all_editions)_2.jpg
Stronachie 10yo,8.4,0.43,4,70,SingleMalt-like,GH,H,Scotland,Malt,data/images/Stronachie_10yo_0.jpg,data/images/Stronachie_10yo_1.jpg,data/images/Stronachie_10yo_2.jpg
Compass Box Peat Monster 2015,8.68,0.16,5,70,SingleMalt-like,J,J,Scotland,Malt,data/images/Compass_Box_Peat_Monster_2015_0.jpg,data/images/Compass_Box_Peat_Monster_2015_1.jpg,data/images/Compass_Box_Peat_Monster_2015_2.jpg
Longrow Peated,8.74,0.2,20,70,SingleMalt-like,J,J,Scotland,Malt,data/images/Longrow_Peated_0.jpg,data/images/Longrow_Peated_1.jpg,data/images/Longrow_Peated_2.jpg
"Glenfarclas 1968-2000 54.2% (OB, Old Stock Reserve, Ceramic)",8.54,0.24,3,300,SingleMalt-like,ABC,B,Scotland,Malt,"data/images/Glenfarclas_1968-2000_54.2%_(OB,_Old_Stock_Reserve,_Ceramic)_0.jpg","data/images/Glenfarclas_1968-2000_54.2%_(OB,_Old_Stock_Reserve,_Ceramic)_1.jpg","data/images/Glenfarclas_1968-2000_54.2%_(OB,_Old_Stock_Reserve,_Ceramic)_2.jpg"
Teerenpeli Distiller's Choice KASKI,8.63,0.25,4,125,SingleMalt-like,EF,E,Finland,Malt,data/images/Teerenpeli_Distiller's_Choice_KASKI_0.jpg,data/images/Teerenpeli_Distiller's_Choice_KASKI_1.jpg,data/images/Teerenpeli_Distiller's_Choice_KASKI_2.jpg
Amrut Cask Strength,8.78,0.41,14,125,SingleMalt-like,GH,G,India,Malt,data/images/Amrut_Cask_Strength_0.jpg,data/images/Amrut_Cask_Strength_1.jpg,data/images/Amrut_Cask_Strength_2.jpg
Mackmyra Moment Korsbar,8.55,0.27,3,300,SingleMalt-like,ABC,B,Sweden,Malt,data/images/Mackmyra_Moment_Korsbar_0.jpg,data/images/Mackmyra_Moment_Korsbar_1.jpg,data/images/Mackmyra_Moment_Korsbar_2.jpg
Laphroaig 10yo,8.78,0.29,29,70,SingleMalt-like,J,J,Scotland,Malt,data/images/Laphroaig_10yo_0.jpg,data/images/Laphroaig_10yo_1.jpg,data/images/Laphroaig_10yo_2.jpg
Glenfiddich Cask of Dreams,8.73,0.21,8,300,SingleMalt-like,EF,F,Scotland,Malt,data/images/Glenfiddich_Cask_of_Dreams_0.jpg,data/images/Glenfiddich_Cask_of_Dreams_1.jpg,data/images/Glenfiddich_Cask_of_Dreams_2.jpg
Ileach Peated Islay Cask Strength,8.66,0.4,14,70,SingleMalt-like,J,J,Scotland,Malt,data/images/Ileach_Peated_Islay_Cask_Strength_0.jpg,data/images/Ileach_Peated_Islay_Cask_Strength_1.jpg,data/images/Ileach_Peated_Islay_Cask_Strength_2.jpg
Longrow CV,8.79,0.33,18,70,SingleMalt-like,J,J,Scotland,Malt,data/images/Longrow_CV_0.jpg,data/images/Longrow_CV_1.jpg,data/images/Longrow_CV_2.jpg
Tyrconnell 10yo Sherry Cask Finish,8.43,0.34,9,125,SingleMalt-like,ABC,B,Ireland,Malt,data/images/Tyrconnell_10yo_Sherry_Cask_Finish_0.jpg,data/images/Tyrconnell_10yo_Sherry_Cask_Finish_1.jpg,data/images/Tyrconnell_10yo_Sherry_Cask_Finish_2.jpg
Midleton Barry Crockett Legacy,9.1,0.23,16,300,SingleMalt-like,GH,G,Ireland,Blend,data/images/Midleton_Barry_Crockett_Legacy_0.jpg,data/images/Midleton_Barry_Crockett_Legacy_1.jpg,data/images/Midleton_Barry_Crockett_Legacy_2.jpg
Kavalan Solist Manzanilla Cask,9.02,0.21,10,300,SingleMalt-like,ABC,C,Taiwan,Malt,data/images/Kavalan_Solist_Manzanilla_Cask_0.jpg,data/images/Kavalan_Solist_Manzanilla_Cask_1.jpg,data/images/Kavalan_Solist_Manzanilla_Cask_2.jpg
Compass Box Peat Monster 2005,8.71,0.09,4,70,SingleMalt-like,J,J,Scotland,Malt,data/images/Compass_Box_Peat_Monster_2005_0.jpg,data/images/Compass_Box_Peat_Monster_2005_1.jpg,data/images/Compass_Box_Peat_Monster_2005_2.jpg
Glen Breton Ice 17yo,8.8,0.09,4,300,SingleMalt-like,GH,G,Canada,Malt,data/images/Glen_Breton_Ice_17yo_0.jpg,data/images/Glen_Breton_Ice_17yo_1.jpg,data/images/Glen_Breton_Ice_17yo_2.jpg
Knappogue Castle 12yo,8.41,0.37,16,70,SingleMalt-like,GH,G,Ireland,Malt,data/images/Knappogue_Castle_12yo_0.jpg,data/images/Knappogue_Castle_12yo_1.jpg,data/images/Knappogue_Castle_12yo_2.jpg
Mackmyra Svensk Ek,8.47,0.44,5,125,SingleMalt-like,GH,H,Sweden,Malt,data/images/Mackmyra_Svensk_Ek_0.jpg,data/images/Mackmyra_Svensk_Ek_1.jpg,data/images/Mackmyra_Svensk_Ek_2.jpg
Auchentoshan 10yo,7.74,0.37,10,70,SingleMalt-like,GH,H,Scotland,Malt,data/images/Auchentoshan_10yo_0.jpg,data/images/Auchentoshan_10yo_1.jpg,data/images/Auchentoshan_10yo_2.jpg
AnCnoc 1975,8.95,0.55,5,300,SingleMalt-like,ABC,B,Scotland,Malt,data/images/AnCnoc_1975_0.jpg,data/images/AnCnoc_1975_1.jpg,data/images/AnCnoc_1975_2.jpg
Glen Spey 12yo (F&F),8.06,0.44,5,70,SingleMalt-like,GH,H,Scotland,Malt,data/images/Glen_Spey_12yo_(F&F)_0.jpg,data/images/Glen_Spey_12yo_(F&F)_1.jpg,data/images/Glen_Spey_12yo_(F&F)_2.jpg
Compass Box Peat Monster 2008 Reserve Edition,8.93,0.19,3,70,SingleMalt-like,J,J,Scotland,Malt,data/images/Compass_Box_Peat_Monster_2008_Reserve_Edition_0.jpg,data/images/Compass_Box_Peat_Monster_2008_Reserve_Edition_1.jpg,data/images/Compass_Box_Peat_Monster_2008_Reserve_Edition_2.jpg
Balvenie TUN 1509 (all batches),8.91,0.18,13,300,SingleMalt-like,ABC,B,Scotland,Malt,data/images/Balvenie_TUN_1509_(all_batches)_0.jpg,data/images/Balvenie_TUN_1509_(all_batches)_1.jpg,data/images/Balvenie_TUN_1509_(all_batches)_2.jpg
Cardhu Amber Rock,8.11,0.39,5,70,SingleMalt-like,GH,H,Scotland,Malt,data/images/Cardhu_Amber_Rock_0.jpg,data/images/Cardhu_Amber_Rock_1.jpg,data/images/Cardhu_Amber_Rock_2.jpg
Paul John Peated Select Cask,8.7,0.29,11,125,SingleMalt-like,I,I,India,Malt,data/images/Paul_John_Peated_Select_Cask_0.jpg,data/images/Paul_John_Peated_Select_Cask_1.jpg,data/images/Paul_John_Peated_Select_Cask_2.jpg
Bunnahabhain 25yo,8.9,0.31,21,300,SingleMalt-like,ABC,B,Scotland,Malt,data/images/Bunnahabhain_25yo_0.jpg,data/images/Bunnahabhain_25yo_1.jpg,data/images/Bunnahabhain_25yo_2.jpg
Stronachie 12yo,8.17,0.36,9,70,SingleMalt-like,GH,H,Scotland,Malt,data/images/Stronachie_12yo_0.jpg,data/images/Stronachie_12yo_1.jpg,data/images/Stronachie_12yo_2.jpg
Amrut PX Sherry Single Cask (all casks),8.81,0.46,17,125,SingleMalt-like,ABC,A,India,Malt,data/images/Amrut_PX_Sherry_Single_Cask_(all_casks)_0.jpg,data/images/Amrut_PX_Sherry_Single_Cask_(all_casks)_1.jpg,data/images/Amrut_PX_Sherry_Single_Cask_(all_casks)_2.jpg
Cardhu 12yo,8.05,0.5,21,70,SingleMalt-like,GH,H,Scotland,Malt,data/images/Cardhu_12yo_0.jpg,data/images/Cardhu_12yo_1.jpg,data/images/Cardhu_12yo_2.jpg
Connemara Peated Single Malt,8.18,0.29,20,70,SingleMalt-like,I,I,Ireland,Malt,data/images/Connemara_Peated_Single_Malt_0.jpg,data/images/Connemara_Peated_Single_Malt_1.jpg,data/images/Connemara_Peated_Single_Malt_2.jpg
Ardbeg 10yo,8.88,0.35,30,70,SingleMalt-like,J,J,Scotland,Malt,data/images/Ardbeg_10yo_0.jpg,data/images/Ardbeg_10yo_1.jpg,data/images/Ardbeg_10yo_2.jpg
Mackmyra Midnattssol,8.09,0.64,6,125,SingleMalt-like,GH,H,Sweden,Malt,data/images/Mackmyra_Midnattssol_0.jpg,data/images/Mackmyra_Midnattssol_1.jpg,data/images/Mackmyra_Midnattssol_2.jpg
Glen Grant 12yo,8.29,0.49,11,70,SingleMalt-like,GH,H,Scotland,Malt,data/images/Glen_Grant_12yo_0.jpg,data/images/Glen_Grant_12yo_1.jpg,data/images/Glen_Grant_12yo_2.jpg
Compass Box Peat Monster 2014 - 10th Anniversary,8.99,0.29,12,70,SingleMalt-like,J,J,Scotland,Malt,data/images/Compass_Box_Peat_Monster_2014_-_10th_Anniversary_0.jpg,data/images/Compass_Box_Peat_Monster_2014_-_10th_Anniversary_1.jpg,data/images/Compass_Box_Peat_Monster_2014_-_10th_Anniversary_2.jpg
Glendalough 7yo Single Malt,8.24,0.31,8,70,SingleMalt-like,GH,G,Ireland,Malt,data/images/Glendalough_7yo_Single_Malt_0.jpg,data/images/Glendalough_7yo_Single_Malt_1.jpg,data/images/Glendalough_7yo_Single_Malt_2.jpg
Deveron 10yo,8.26,0.77,3,70,SingleMalt-like,GH,H,Scotland,Malt,data/images/Deveron_10yo_0.jpg,data/images/Deveron_10yo_1.jpg,data/images/Deveron_10yo_2.jpg
Mackinlay's Shackleton Blended Malt,8.25,0.38,8,70,SingleMalt-like,GH,H,Scotland,Malt,data/images/Mackinlay's_Shackleton_Blended_Malt_0.jpg,data/images/Mackinlay's_Shackleton_Blended_Malt_1.jpg,data/images/Mackinlay's_Shackleton_Blended_Malt_2.jpg
Ichiro's Malt Mizunara Wood Reserve (MWR),8.34,0.51,15,300,SingleMalt-like,GH,H,Japan,Malt,data/images/Ichiro's_Malt_Mizunara_Wood_Reserve_(MWR)_0.jpg,data/images/Ichiro's_Malt_Mizunara_Wood_Reserve_(MWR)_1.jpg,data/images/Ichiro's_Malt_Mizunara_Wood_Reserve_(MWR)_2.jpg
BenRiach Heart of Speyside,7.81,0.69,8,70,SingleMalt-like,GH,H,Scotland,Malt,data/images/BenRiach_Heart_of_Speyside_0.jpg,data/images/BenRiach_Heart_of_Speyside_1.jpg,data/images/BenRiach_Heart_of_Speyside_2.jpg
Auchentoshan Valinch,8.34,0.64,15,70,SingleMalt-like,GH,H,Scotland,Malt,data/images/Auchentoshan_Valinch_0.jpg,data/images/Auchentoshan_Valinch_1.jpg,data/images/Auchentoshan_Valinch_2.jpg
Glen Moray Classic,7.89,0.4,7,30,SingleMalt-like,GH,G,Scotland,Malt,data/images/Glen_Moray_Classic_0.jpg,data/images/Glen_Moray_Classic_1.jpg,data/images/Glen_Moray_Classic_2.jpg
Two Brewers Release 19 Peated,8.78,0.39,6,125,SingleMalt-like,I,I,Canada,Malt,data/images/Two_Brewers_Release_19_Peated_0.jpg,data/images/Two_Brewers_Release_19_Peated_1.jpg,data/images/Two_Brewers_Release_19_Peated_2.jpg
Ben Nevis Celebrated Traditional (NAS),8.73,0.19,5,50,SingleMalt-like,I,I,Scotland,Malt,data/images/Ben_Nevis_Celebrated_Traditional_(NAS)_0.jpg,data/images/Ben_Nevis_Celebrated_Traditional_(NAS)_1.jpg,data/images/Ben_Nevis_Celebrated_Traditional_(NAS)_2.jpg
Bruichladdich Octomore 11.2,8.7,0.18,3,300,SingleMalt-like,J,J,Scotland,Malt,data/images/Bruichladdich_Octomore_11.2_0.jpg,data/images/Bruichladdich_Octomore_11.2_1.jpg,data/images/Bruichladdich_Octomore_11.2_2.jpg
Bruichladdich Octomore 10.1,8.7,0.31,8,300,SingleMalt-like,J,J,Scotland,Malt,data/images/Bruichladdich_Octomore_10.1_0.jpg,data/images/Bruichladdich_Octomore_10.1_1.jpg,data/images/Bruichladdich_Octomore_10.1_2.jpg
Balvenie 14yo Carribean Cask,8.53,0.34,26,125,SingleMalt-like,EF,F,Scotland,Malt,data/images/Balvenie_14yo_Carribean_Cask_0.jpg,data/images/Balvenie_14yo_Carribean_Cask_1.jpg,data/images/Balvenie_14yo_Carribean_Cask_2.jpg
Glen Breton 14yo,7.68,1.04,7,125,SingleMalt-like,GH,G,Canada,Malt,data/images/Glen_Breton_14yo_0.jpg,data/images/Glen_Breton_14yo_1.jpg,data/images/Glen_Breton_14yo_2.jpg
Longrow 18yo,9.01,0.3,18,300,SingleMalt-like,J,J,Scotland,Malt,data/images/Longrow_18yo_0.jpg,data/images/Longrow_18yo_1.jpg,data/images/Longrow_18yo_2.jpg
Glenlivet 15yo French Oak,8.37,0.27,22,125,SingleMalt-like,EF,F,Scotland,Malt,data/images/Glenlivet_15yo_French_Oak_0.jpg,data/images/Glenlivet_15yo_French_Oak_1.jpg,data/images/Glenlivet_15yo_French_Oak_2.jpg
Hakushu Single Malt Heavily Peated,8.78,0.32,12,300,SingleMalt-like,I,I,Japan,Malt,data/images/Hakushu_Single_Malt_Heavily_Peated_0.jpg,data/images/Hakushu_Single_Malt_Heavily_Peated_1.jpg,data/images/Hakushu_Single_Malt_Heavily_Peated_2.jpg
Dun Bheagan Islay 2009,8.83,0.21,3,50,SingleMalt-like,I,I,Scotland,Malt,data/images/Dun_Bheagan_Islay_2009_0.jpg,data/images/Dun_Bheagan_Islay_2009_1.jpg,data/images/Dun_Bheagan_Islay_2009_2.jpg
Lagavulin 11yo Offerman Edition,8.73,0.27,9,300,SingleMalt-like,J,J,Scotland,Malt,data/images/Lagavulin_11yo_Offerman_Edition_0.jpg,data/images/Lagavulin_11yo_Offerman_Edition_1.jpg,data/images/Lagavulin_11yo_Offerman_Edition_2.jpg
Bruichladdich Octomore 7.1,9.0,0.28,17,300,SingleMalt-like,J,J,Scotland,Malt,data/images/Bruichladdich_Octomore_7.1_0.jpg,data/images/Bruichladdich_Octomore_7.1_1.jpg,data/images/Bruichladdich_Octomore_7.1_2.jpg
Bruichladdich Octomore 10 (Second Edition),8.99,0.25,13,300,SingleMalt-like,J,J,Scotland,Malt,data/images/Bruichladdich_Octomore_10_(Second_Edition)_0.jpg,data/images/Bruichladdich_Octomore_10_(Second_Edition)_1.jpg,data/images/Bruichladdich_Octomore_10_(Second_Edition)_2.jpg
Two Brewers Release 07 Peated,8.98,0.28,7,125,SingleMalt-like,I,I,Canada,Malt,data/images/Two_Brewers_Release_07_Peated_0.jpg,data/images/Two_Brewers_Release_07_Peated_1.jpg,data/images/Two_Brewers_Release_07_Peated_2.jpg
Two Brewers Peated (all releases),8.7,0.38,8,125,SingleMalt-like,I,I,Canada,Malt,data/images/Two_Brewers_Peated_(all_releases)_0.jpg,data/images/Two_Brewers_Peated_(all_releases)_1.jpg,data/images/Two_Brewers_Peated_(all_releases)_2.jpg
McClelland's Highland Single Malt,7.05,0.65,7,50,SingleMalt-like,GH,G,Scotland,Malt,data/images/McClelland's_Highland_Single_Malt_0.jpg,data/images/McClelland's_Highland_Single_Malt_1.jpg,data/images/McClelland's_Highland_Single_Malt_2.jpg
Bunnahabhain Eirigh Na Greine,8.39,0.41,13,125,SingleMalt-like,EF,F,Scotland,Malt,data/images/Bunnahabhain_Eirigh_Na_Greine_0.jpg,data/images/Bunnahabhain_Eirigh_Na_Greine_1.jpg,data/images/Bunnahabhain_Eirigh_Na_Greine_2.jpg
Bruichladdich Octomore 7.4,8.71,0.6,13,300,SingleMalt-like,J,J,Scotland,Malt,data/images/Bruichladdich_Octomore_7.4_0.jpg,data/images/Bruichladdich_Octomore_7.4_1.jpg,data/images/Bruichladdich_Octomore_7.4_2.jpg
Glenrothes Vintage 1998 (2014),8.33,0.59,12,125,SingleMalt-like,EF,F,Scotland,Malt,data/images/Glenrothes_Vintage_1998_(2014)_0.jpg,data/images/Glenrothes_Vintage_1998_(2014)_1.jpg,data/images/Glenrothes_Vintage_1998_(2014)_2.jpg
Compass Box No Name (all editions),9.0,0.3,17,300,SingleMalt-like,J,J,Scotland,Malt,data/images/Compass_Box_No_Name_(all_editions)_0.jpg,data/images/Compass_Box_No_Name_(all_editions)_1.jpg,data/images/Compass_Box_No_Name_(all_editions)_2.jpg
Hakushu Distiller's Reserve,8.35,0.17,5,125,SingleMalt-like,GH,H,Japan,Malt,data/images/Hakushu_Distiller's_Reserve_0.jpg,data/images/Hakushu_Distiller's_Reserve_1.jpg,data/images/Hakushu_Distiller's_Reserve_2.jpg
Two Brewers Release 25 Peated,8.7,0.38,3,125,SingleMalt-like,I,I,Canada,Malt,data/images/Two_Brewers_Release_25_Peated_0.jpg,data/images/Two_Brewers_Release_25_Peated_1.jpg,data/images/Two_Brewers_Release_25_Peated_2.jpg
Bruichladdich Octomore 9.2,8.65,0.56,3,300,SingleMalt-like,J,J,Scotland,Malt,data/images/Bruichladdich_Octomore_9.2_0.jpg,data/images/Bruichladdich_Octomore_9.2_1.jpg,data/images/Bruichladdich_Octomore_9.2_2.jpg
Bruichladdich Octomore 8.2,9.03,0.2,9,300,SingleMalt-like,J,J,Scotland,Malt,data/images/Bruichladdich_Octomore_8.2_0.jpg,data/images/Bruichladdich_Octomore_8.2_1.jpg,data/images/Bruichladdich_Octomore_8.2_2.jpg
Bruichladdich Octomore 9.3,9.07,0.25,13,300,SingleMalt-like,J,J,Scotland,Malt,data/images/Bruichladdich_Octomore_9.3_0.jpg,data/images/Bruichladdich_Octomore_9.3_1.jpg,data/images/Bruichladdich_Octomore_9.3_2.jpg
Bruichladdich Octomore 8.3,9.07,0.19,13,300,SingleMalt-like,J,J,Scotland,Malt,data/images/Bruichladdich_Octomore_8.3_0.jpg,data/images/Bruichladdich_Octomore_8.3_1.jpg,data/images/Bruichladdich_Octomore_8.3_2.jpg
Lagavulin 12yo Cask Strength,9.08,0.18,29,300,SingleMalt-like,J,J,Scotland,Malt,data/images/Lagavulin_12yo_Cask_Strength_0.jpg,data/images/Lagavulin_12yo_Cask_Strength_1.jpg,data/images/Lagavulin_12yo_Cask_Strength_2.jpg
Bruichladdich Octomore 7.3,9.08,0.46,15,300,SingleMalt-like,J,J,Scotland,Malt,data/images/Bruichladdich_Octomore_7.3_0.jpg,data/images/Bruichladdich_Octomore_7.3_1.jpg,data/images/Bruichladdich_Octomore_7.3_2.jpg
Bruichladdich Octomore 6.2,9.08,0.18,12,300,SingleMalt-like,J,J,Scotland,Malt,data/images/Bruichladdich_Octomore_6.2_0.jpg,data/images/Bruichladdich_Octomore_6.2_1.jpg,data/images/Bruichladdich_Octomore_6.2_2.jpg
Bruichladdich Octomore 10 (Third Edition),9.17,0.2,5,300,SingleMalt-like,J,J,Scotland,Malt,data/images/Bruichladdich_Octomore_10_(Third_Edition)_0.jpg,data/images/Bruichladdich_Octomore_10_(Third_Edition)_1.jpg,data/images/Bruichladdich_Octomore_10_(Third_Edition)_2.jpg
